<TICKER>,<PER>,<DATE>,<TIME>,<OPEN>,<HIGH>,<LOW>,<CLOSE>
GAZP,D,20130108,000000,146.2000000,147.9600000,145.6400000,147.9000000
GAZP,D,20130109,000000,147.2700000,149.0500000,147.1500000,148.9100000
GAZP,D,20130110,000000,149.0000000,149.5100000,147.3000000,147.6000000
GAZP,D,20130111,000000,147.7000000,148.6900000,147.4000000,147.9700000
GAZP,D,20130114,000000,148.5500000,149.8500000,148.2000000,149.6000000
GAZP,D,20130115,000000,149.3200000,149.6000000,147.7100000,147.7300000
GAZP,D,20130116,000000,147.6700000,148.4000000,146.0300000,146.4200000
GAZP,D,20130117,000000,146.5000000,148.2300000,146.3700000,147.7000000
GAZP,D,20130118,000000,148.4000000,149.2300000,148.1300000,148.4200000
GAZP,D,20130121,000000,148.4100000,148.7000000,146.6400000,147.7400000
GAZP,D,20130122,000000,147.9000000,148.1400000,145.4100000,145.8400000
GAZP,D,20130123,000000,146.2500000,146.9400000,145.6000000,146.6700000
GAZP,D,20130124,000000,146.4000000,146.6300000,144.8500000,146.1400000
GAZP,D,20130125,000000,146.1400000,146.7800000,145.0600000,146.4000000
GAZP,D,20130128,000000,146.8700000,147.9900000,146.1700000,147.2200000
GAZP,D,20130129,000000,147.2000000,147.2000000,145.7000000,145.9100000
GAZP,D,20130130,000000,146.5500000,147.1700000,143.1500000,143.8500000
GAZP,D,20130131,000000,143.6400000,143.6700000,141.2700000,142.0900000
GAZP,D,20130201,000000,142.4400000,143.4700000,141.8700000,142.2800000
GAZP,D,20130204,000000,142.8000000,143.1900000,140.6200000,141.4700000
GAZP,D,20130205,000000,141.1000000,141.6600000,140.2100000,141.3700000
GAZP,D,20130206,000000,142.0000000,142.1900000,139.4500000,139.9100000
GAZP,D,20130207,000000,140.2300000,140.2700000,138.5200000,138.9100000
GAZP,D,20130208,000000,139.3000000,139.3400000,136.8000000,137.6800000
GAZP,D,20130211,000000,137.8000000,137.9500000,135.0500000,135.2900000
GAZP,D,20130212,000000,135.0200000,135.0800000,133.1500000,133.3000000
GAZP,D,20130213,000000,133.9500000,137.8400000,133.4200000,137.1500000
GAZP,D,20130214,000000,137.2000000,138.2000000,133.5500000,134.2000000
GAZP,D,20130215,000000,134.2000000,134.5700000,131.7200000,133.9900000
GAZP,D,20130218,000000,134.0000000,136.2000000,133.3000000,135.9000000
GAZP,D,20130219,000000,136.0000000,137.8600000,135.7300000,137.5500000
GAZP,D,20130220,000000,137.9800000,137.9800000,136.5200000,137.0600000
GAZP,D,20130221,000000,135.7600000,136.2000000,134.6100000,136.0000000
GAZP,D,20130222,000000,136.3200000,137.1300000,136.0000000,136.8100000
GAZP,D,20130225,000000,137.0500000,138.4700000,136.5500000,138.0300000
GAZP,D,20130226,000000,136.5000000,137.1900000,135.5000000,136.5000000
GAZP,D,20130227,000000,136.9000000,138.5200000,136.3300000,137.6000000
GAZP,D,20130228,000000,138.3600000,138.4000000,136.5200000,137.4000000
GAZP,D,20130301,000000,136.7400000,136.9400000,133.9800000,134.7500000
GAZP,D,20130304,000000,134.2200000,135.3800000,132.6500000,133.0300000
GAZP,D,20130305,000000,133.5300000,136.4600000,132.5400000,136.4500000
GAZP,D,20130306,000000,136.5000000,137.3200000,134.7200000,134.8500000
GAZP,D,20130307,000000,134.9700000,135.7500000,133.3700000,133.7300000
GAZP,D,20130311,000000,135.0200000,136.9500000,134.8600000,136.6000000
GAZP,D,20130312,000000,136.8000000,137.4400000,135.8600000,137.2500000
GAZP,D,20130313,000000,136.9000000,141.7900000,136.6000000,140.5600000
GAZP,D,20130314,000000,140.5000000,142.5000000,140.0000000,142.0800000
GAZP,D,20130315,000000,142.8100000,144.8200000,142.5800000,144.5000000
GAZP,D,20130318,000000,142.9700000,144.3700000,140.8500000,144.2800000
GAZP,D,20130319,000000,144.4000000,145.9500000,142.0500000,142.3400000
GAZP,D,20130320,000000,141.8700000,142.5000000,140.6600000,142.0900000
GAZP,D,20130321,000000,142.6200000,143.8800000,142.0000000,142.3200000
GAZP,D,20130322,000000,142.0500000,142.2500000,140.0000000,140.1800000
GAZP,D,20130325,000000,140.9100000,142.3500000,138.3000000,138.6000000
GAZP,D,20130326,000000,138.9600000,139.4800000,136.5000000,136.5800000
GAZP,D,20130327,000000,137.4100000,137.6400000,134.0400000,136.3600000
GAZP,D,20130328,000000,135.4200000,135.6600000,131.9800000,133.1700000
GAZP,D,20130329,000000,133.8300000,134.1600000,133.1100000,134.0800000
GAZP,D,20130401,000000,133.8800000,134.4800000,132.6300000,132.8500000
GAZP,D,20130402,000000,133.0100000,133.4400000,130.8100000,130.8100000
GAZP,D,20130403,000000,130.9500000,131.7000000,129.8700000,130.3800000
GAZP,D,20130404,000000,129.2900000,132.8800000,128.7700000,131.2900000
GAZP,D,20130405,000000,131.0100000,131.8500000,129.7600000,130.5000000
GAZP,D,20130408,000000,131.0700000,132.1600000,128.9200000,129.0100000
GAZP,D,20130409,000000,129.9900000,131.2000000,129.1600000,130.4200000
GAZP,D,20130410,000000,131.1300000,131.8500000,128.7300000,129.5300000
GAZP,D,20130411,000000,130.0000000,130.0000000,125.5500000,126.0800000
GAZP,D,20130412,000000,125.9900000,127.4300000,125.1100000,126.7000000
GAZP,D,20130415,000000,125.9800000,126.7000000,123.5200000,125.9500000
GAZP,D,20130416,000000,124.8900000,126.6600000,124.1000000,124.1500000
GAZP,D,20130417,000000,124.7000000,124.9600000,120.7900000,121.8000000
GAZP,D,20130418,000000,121.6000000,122.8400000,120.1700000,120.4500000
GAZP,D,20130419,000000,121.0700000,122.0800000,119.6200000,120.1100000
GAZP,D,20130422,000000,120.4900000,121.6500000,118.6900000,119.9000000
GAZP,D,20130423,000000,119.5000000,121.2500000,118.6400000,120.1700000
GAZP,D,20130424,000000,120.6000000,124.8000000,119.8500000,124.7000000
GAZP,D,20130425,000000,125.0000000,125.5900000,122.8000000,122.9600000
GAZP,D,20130426,000000,122.8000000,123.3500000,121.1000000,122.8200000
GAZP,D,20130429,000000,123.1200000,123.6500000,121.6500000,122.5000000
GAZP,D,20130430,000000,122.9000000,125.7300000,122.1400000,124.1500000
GAZP,D,20130502,000000,122.9600000,124.0400000,122.5500000,122.9600000
GAZP,D,20130503,000000,123.6900000,128.7500000,123.4500000,128.7000000
GAZP,D,20130506,000000,128.8800000,129.7300000,127.5700000,129.3800000
GAZP,D,20130507,000000,129.4800000,131.6500000,128.6800000,130.5500000
GAZP,D,20130508,000000,130.5500000,132.0400000,129.7100000,131.8100000
GAZP,D,20130510,000000,132.2900000,133.6300000,131.1500000,132.8900000
GAZP,D,20130513,000000,132.4900000,132.6600000,129.2600000,129.8000000
GAZP,D,20130514,000000,126.0000000,126.3800000,124.3300000,125.5400000
GAZP,D,20130515,000000,125.7000000,125.9400000,122.1600000,122.3000000
GAZP,D,20130516,000000,123.2400000,125.0000000,121.5400000,122.8100000
GAZP,D,20130517,000000,123.2000000,125.7500000,122.7200000,125.4900000
GAZP,D,20130520,000000,125.8200000,127.5600000,125.7200000,126.4000000
GAZP,D,20130521,000000,126.1000000,127.4400000,125.4000000,126.9500000
GAZP,D,20130522,000000,127.0300000,128.4000000,126.5300000,127.3900000
GAZP,D,20130523,000000,125.7800000,125.7800000,121.3100000,121.6000000
GAZP,D,20130524,000000,122.2400000,122.9500000,118.8700000,120.0000000
GAZP,D,20130527,000000,120.8000000,121.1800000,119.0300000,119.6800000
GAZP,D,20130528,000000,120.3900000,122.0900000,120.0800000,120.8700000
GAZP,D,20130529,000000,120.4100000,120.4800000,118.0900000,118.6300000
GAZP,D,20130530,000000,118.6300000,120.8200000,118.5000000,119.8100000
GAZP,D,20130531,000000,120.4800000,123.4200000,118.4400000,123.4000000
GAZP,D,20130603,000000,122.6100000,122.9600000,120.1500000,120.7500000
GAZP,D,20130604,000000,121.1500000,122.1200000,119.2200000,119.4900000
GAZP,D,20130605,000000,119.1200000,119.6700000,117.6400000,118.2200000
GAZP,D,20130606,000000,117.9500000,118.5400000,116.8000000,116.9800000
GAZP,D,20130607,000000,117.9500000,118.2500000,116.5800000,117.2500000
GAZP,D,20130610,000000,117.8400000,118.1100000,115.8500000,116.5000000
GAZP,D,20130611,000000,116.2000000,116.8000000,110.9400000,111.9100000
GAZP,D,20130613,000000,110.0400000,111.3500000,108.1500000,109.9100000
GAZP,D,20130614,000000,111.2500000,111.9300000,109.5200000,109.8000000
GAZP,D,20130617,000000,110.0000000,111.8100000,109.2500000,111.4200000
GAZP,D,20130618,000000,110.9000000,113.9500000,110.8400000,112.9800000
GAZP,D,20130619,000000,113.1300000,113.6100000,110.7200000,111.2100000
GAZP,D,20130620,000000,109.0600000,109.7900000,107.5500000,108.2400000
GAZP,D,20130621,000000,108.0000000,110.7500000,107.4300000,109.6000000
GAZP,D,20130624,000000,108.3000000,109.6200000,106.5000000,107.2300000
GAZP,D,20130625,000000,107.2500000,110.1400000,107.2500000,108.5600000
GAZP,D,20130626,000000,108.7500000,111.0800000,108.7500000,110.0500000
GAZP,D,20130627,000000,110.7200000,110.7400000,106.8000000,107.6000000
GAZP,D,20130628,000000,107.8400000,109.2000000,106.6000000,109.1000000
GAZP,D,20130701,000000,109.1200000,109.8700000,108.0600000,109.0800000
GAZP,D,20130702,000000,109.3000000,110.1100000,108.1700000,109.2000000
GAZP,D,20130703,000000,108.8200000,109.5000000,107.5100000,109.2000000
GAZP,D,20130704,000000,109.5700000,113.2900000,109.0200000,113.1700000
GAZP,D,20130705,000000,113.4900000,115.4600000,112.7000000,113.5700000
GAZP,D,20130708,000000,114.4000000,115.3600000,113.1200000,114.0000000
GAZP,D,20130709,000000,114.3300000,115.0000000,113.4400000,114.1500000
GAZP,D,20130710,000000,114.2900000,114.7500000,112.5200000,113.6000000
GAZP,D,20130711,000000,114.6700000,118.2400000,114.6100000,117.2900000
GAZP,D,20130712,000000,117.5900000,122.0000000,117.3700000,121.8500000
GAZP,D,20130715,000000,122.0500000,123.2500000,121.3400000,122.7800000
GAZP,D,20130716,000000,122.8000000,125.1900000,122.1600000,124.7800000
GAZP,D,20130717,000000,124.5900000,131.4000000,123.5500000,131.3000000
GAZP,D,20130718,000000,131.3700000,134.2500000,128.8400000,130.2100000
GAZP,D,20130719,000000,130.0000000,133.0900000,129.0700000,129.5300000
GAZP,D,20130722,000000,130.0500000,132.4500000,127.7200000,128.8500000
GAZP,D,20130723,000000,129.8100000,130.9500000,128.2700000,128.5000000
GAZP,D,20130724,000000,128.5100000,129.3800000,126.4400000,127.1700000
GAZP,D,20130725,000000,126.7200000,128.1800000,125.6000000,127.8100000
GAZP,D,20130726,000000,128.7100000,129.8700000,128.0500000,128.8400000
GAZP,D,20130729,000000,128.7000000,129.8800000,128.3600000,129.4000000
GAZP,D,20130730,000000,129.9300000,131.4300000,129.5900000,129.6000000
GAZP,D,20130731,000000,129.7600000,129.8800000,127.7100000,128.6100000
GAZP,D,20130801,000000,129.5000000,130.9000000,129.3500000,130.2100000
GAZP,D,20130802,000000,131.0200000,131.6800000,127.4000000,128.4500000
GAZP,D,20130805,000000,128.3700000,129.4200000,127.3700000,128.8700000
GAZP,D,20130806,000000,128.1500000,128.7000000,125.7800000,126.1000000
GAZP,D,20130807,000000,125.5000000,126.9900000,124.6000000,124.8600000
GAZP,D,20130808,000000,125.4000000,125.7000000,124.1400000,125.1800000
GAZP,D,20130809,000000,125.5600000,128.8000000,125.0500000,128.2400000
GAZP,D,20130812,000000,128.6400000,130.4800000,128.5000000,129.0300000
GAZP,D,20130813,000000,129.5700000,132.2800000,129.5000000,132.1800000
GAZP,D,20130814,000000,132.6200000,134.7400000,132.5300000,134.5200000
GAZP,D,20130815,000000,134.3300000,134.4600000,130.2600000,131.0500000
GAZP,D,20130816,000000,131.3800000,132.2700000,129.3800000,130.7900000
GAZP,D,20130819,000000,130.8000000,132.5000000,130.3000000,132.4500000
GAZP,D,20130820,000000,131.7300000,132.7900000,130.0000000,132.6800000
GAZP,D,20130821,000000,132.4900000,133.5000000,131.1000000,132.2000000
GAZP,D,20130822,000000,131.5500000,134.6900000,131.0700000,134.1100000
GAZP,D,20130823,000000,134.4000000,134.8500000,132.8000000,133.1000000
GAZP,D,20130826,000000,133.7700000,134.1200000,131.9000000,132.6100000
GAZP,D,20130827,000000,131.9100000,132.3200000,130.9100000,131.7600000
GAZP,D,20130828,000000,131.2500000,132.7000000,129.6100000,132.2900000
GAZP,D,20130829,000000,132.4000000,133.1700000,130.3300000,131.7000000
GAZP,D,20130830,000000,131.8000000,131.9900000,130.5800000,131.9000000
GAZP,D,20130902,000000,132.2000000,133.0500000,130.0500000,131.4500000
GAZP,D,20130903,000000,131.9700000,133.0800000,131.0100000,131.5000000
GAZP,D,20130904,000000,131.1200000,132.2400000,130.3500000,132.0100000
GAZP,D,20130905,000000,132.4000000,140.0700000,132.1100000,140.0000000
GAZP,D,20130906,000000,140.0100000,143.9800000,138.8100000,141.9700000
GAZP,D,20130909,000000,142.5200000,147.4700000,142.5200000,147.4000000
GAZP,D,20130910,000000,148.4000000,148.7000000,145.6000000,146.3700000
GAZP,D,20130911,000000,146.4600000,147.9600000,145.6000000,146.5000000
GAZP,D,20130912,000000,147.0200000,147.3400000,144.0700000,144.8400000
GAZP,D,20130913,000000,144.6000000,145.0500000,142.1100000,142.3500000
GAZP,D,20130916,000000,143.0500000,146.8700000,143.0400000,145.5200000
GAZP,D,20130917,000000,144.8800000,146.1100000,144.0100000,146.0500000
GAZP,D,20130918,000000,146.0100000,148.4000000,143.8000000,144.0900000
GAZP,D,20130919,000000,148.0300000,149.7000000,147.3500000,148.1300000
GAZP,D,20130920,000000,147.5300000,149.1900000,146.9300000,147.7100000
GAZP,D,20130923,000000,147.6000000,147.9600000,145.3700000,145.9900000
GAZP,D,20130924,000000,145.3000000,145.7700000,143.6000000,144.6000000
GAZP,D,20130925,000000,144.4600000,146.2000000,144.0500000,145.8000000
GAZP,D,20130926,000000,145.3600000,146.7500000,144.5000000,145.9000000
GAZP,D,20130927,000000,146.1000000,146.4900000,144.6200000,145.0700000
GAZP,D,20130930,000000,144.0000000,145.2500000,142.3900000,144.1500000
GAZP,D,20131001,000000,144.0900000,146.0400000,143.4900000,145.7100000
GAZP,D,20131002,000000,145.8400000,145.9900000,142.1100000,143.3500000
GAZP,D,20131003,000000,143.6000000,143.9000000,141.6700000,142.2600000
GAZP,D,20131004,000000,142.2400000,144.8700000,140.9100000,144.8500000
GAZP,D,20131007,000000,143.9900000,147.3100000,142.8000000,147.0000000
GAZP,D,20131008,000000,147.4000000,152.0300000,146.3600000,151.9700000
GAZP,D,20131009,000000,151.0100000,153.0000000,149.9100000,151.2900000
GAZP,D,20131010,000000,151.7200000,154.3200000,151.6100000,153.1100000
GAZP,D,20131011,000000,153.9000000,154.4700000,152.2100000,153.2200000
GAZP,D,20131014,000000,152.8400000,153.3900000,152.1200000,152.7100000
GAZP,D,20131015,000000,153.5300000,156.3500000,153.5300000,156.3000000
GAZP,D,20131016,000000,155.9000000,158.6900000,155.3300000,157.8800000
GAZP,D,20131017,000000,158.4600000,158.5600000,154.5000000,154.9900000
GAZP,D,20131018,000000,156.2400000,157.5900000,155.2700000,157.1000000
GAZP,D,20131021,000000,157.5600000,157.6000000,155.1300000,156.0500000
GAZP,D,20131022,000000,155.9000000,156.1900000,153.8000000,154.0000000
GAZP,D,20131023,000000,153.4800000,153.7000000,149.7300000,150.2500000
GAZP,D,20131024,000000,150.7300000,152.1700000,149.1100000,150.5000000
GAZP,D,20131025,000000,150.4000000,150.8300000,147.9000000,150.0800000
GAZP,D,20131028,000000,151.1100000,152.4800000,150.0300000,150.3300000
GAZP,D,20131029,000000,150.2900000,151.7600000,149.2400000,150.9200000
GAZP,D,20131030,000000,151.6800000,152.7000000,150.0800000,150.8900000
GAZP,D,20131031,000000,149.5300000,150.6000000,148.7500000,150.4000000
GAZP,D,20131101,000000,150.4000000,151.7700000,150.2400000,150.4400000
GAZP,D,20131105,000000,150.8400000,151.2100000,148.5700000,148.6800000
GAZP,D,20131106,000000,149.6000000,149.6400000,147.0100000,147.2600000
GAZP,D,20131107,000000,146.9600000,151.5000000,146.2800000,150.3200000
GAZP,D,20131108,000000,149.4300000,149.5000000,147.2700000,147.5500000
GAZP,D,20131111,000000,148.3600000,148.7500000,144.6700000,144.8200000
GAZP,D,20131112,000000,144.9900000,147.2000000,144.2200000,146.5100000
GAZP,D,20131113,000000,145.6100000,145.6700000,142.3500000,143.0300000
GAZP,D,20131114,000000,143.9300000,146.9800000,143.7500000,146.5800000
GAZP,D,20131115,000000,147.0000000,147.9700000,145.7600000,147.1400000
GAZP,D,20131118,000000,147.6100000,150.0200000,147.5300000,149.6400000
GAZP,D,20131119,000000,149.7300000,150.8000000,148.1000000,148.8500000
GAZP,D,20131120,000000,148.3600000,150.8000000,147.5000000,150.3000000
GAZP,D,20131121,000000,149.0000000,149.7900000,147.6800000,148.2300000
GAZP,D,20131122,000000,149.3000000,149.6000000,147.7500000,149.5900000
GAZP,D,20131125,000000,149.8300000,150.2900000,147.8100000,147.9300000
GAZP,D,20131126,000000,148.2000000,148.4000000,142.4500000,143.2800000
GAZP,D,20131127,000000,143.3000000,143.9900000,140.8200000,142.0100000
GAZP,D,20131128,000000,142.9700000,143.1300000,141.5800000,142.3800000
GAZP,D,20131129,000000,142.3000000,144.1700000,141.2000000,143.1000000
GAZP,D,20131202,000000,142.9700000,144.0900000,141.5000000,141.5100000
GAZP,D,20131203,000000,141.0100000,141.2900000,138.4900000,138.6000000
GAZP,D,20131204,000000,139.0600000,139.9800000,135.7100000,136.2600000
GAZP,D,20131205,000000,137.0200000,137.8000000,134.8100000,135.2500000
GAZP,D,20131206,000000,135.7100000,137.9400000,135.0000000,137.4800000
GAZP,D,20131209,000000,137.7500000,138.8500000,136.6100000,138.4300000
GAZP,D,20131210,000000,138.6000000,138.7500000,136.9000000,137.6100000
GAZP,D,20131211,000000,137.1000000,137.8700000,135.8100000,137.0400000
GAZP,D,20131212,000000,135.7500000,136.1800000,133.5500000,134.1600000
GAZP,D,20131213,000000,134.1800000,134.8700000,132.6900000,133.3800000
GAZP,D,20131216,000000,132.7000000,136.6000000,132.3200000,136.5000000
GAZP,D,20131217,000000,136.5000000,139.0800000,136.2300000,138.5500000
GAZP,D,20131218,000000,139.0000000,139.8800000,137.3600000,139.8700000
GAZP,D,20131219,000000,141.0100000,142.4800000,140.1400000,140.4500000
GAZP,D,20131220,000000,140.4500000,141.5800000,139.9300000,141.5000000
GAZP,D,20131223,000000,142.2200000,142.3200000,141.1000000,141.6400000
GAZP,D,20131224,000000,141.6000000,142.0000000,140.6000000,141.6600000
GAZP,D,20131225,000000,141.7500000,142.0000000,140.7100000,140.7700000
GAZP,D,20131226,000000,141.0000000,141.3700000,140.3100000,140.4300000
GAZP,D,20131227,000000,140.6000000,141.1800000,138.9300000,139.0100000
GAZP,D,20131230,000000,138.8000000,139.3900000,138.2800000,138.7500000
GAZP,D,20140106,000000,137.5800000,137.9100000,135.4000000,135.4700000
GAZP,D,20140108,000000,136.6200000,137.5000000,136.0000000,137.3300000
GAZP,D,20140109,000000,137.3300000,139.4900000,137.1300000,138.6800000
GAZP,D,20140110,000000,138.4800000,139.7000000,137.6000000,139.6900000
GAZP,D,20140113,000000,139.7000000,140.9400000,138.8000000,139.0800000
GAZP,D,20140114,000000,138.1600000,138.3300000,136.8000000,137.4400000
GAZP,D,20140115,000000,138.1300000,138.9000000,137.0400000,137.4400000
GAZP,D,20140116,000000,137.9000000,138.4400000,135.6000000,137.3600000
GAZP,D,20140117,000000,137.3000000,138.7100000,136.7800000,137.2200000
GAZP,D,20140120,000000,137.3500000,139.8600000,136.8200000,139.7500000
GAZP,D,20140121,000000,140.0600000,145.8100000,139.8900000,145.7000000
GAZP,D,20140122,000000,145.7200000,149.0800000,144.1800000,145.9600000
GAZP,D,20140123,000000,145.2000000,148.5000000,145.1300000,145.7500000
GAZP,D,20140124,000000,144.3200000,149.3900000,144.0600000,146.7200000
GAZP,D,20140127,000000,146.0000000,148.5800000,145.8000000,147.6400000
GAZP,D,20140128,000000,147.6700000,149.2500000,146.6400000,147.0100000
GAZP,D,20140129,000000,147.9300000,149.9500000,147.5000000,147.9000000
GAZP,D,20140130,000000,147.8000000,149.2100000,144.7200000,147.3200000
GAZP,D,20140131,000000,147.3200000,147.9700000,144.5100000,145.1600000
GAZP,D,20140203,000000,145.4000000,145.9700000,141.5000000,141.7200000
GAZP,D,20140204,000000,140.3600000,141.7200000,138.8400000,141.1500000
GAZP,D,20140205,000000,141.2900000,142.7500000,140.7200000,141.9700000
GAZP,D,20140206,000000,142.3000000,143.5000000,141.1800000,143.4800000
GAZP,D,20140207,000000,144.2600000,146.8700000,144.1000000,146.4200000
GAZP,D,20140210,000000,146.8700000,147.9000000,146.4100000,146.8900000
GAZP,D,20140211,000000,147.0300000,149.2500000,146.5100000,147.6000000
GAZP,D,20140212,000000,148.2000000,149.4800000,147.5100000,148.4700000
GAZP,D,20140213,000000,147.8100000,148.0800000,145.3300000,145.9000000
GAZP,D,20140214,000000,146.6600000,149.1000000,146.2500000,148.8400000
GAZP,D,20140217,000000,149.8500000,151.8400000,149.7100000,151.3000000
GAZP,D,20140218,000000,151.5100000,153.7800000,151.5100000,152.7500000
GAZP,D,20140219,000000,152.6500000,153.8500000,147.1600000,147.6400000
GAZP,D,20140220,000000,146.7000000,148.5000000,145.7200000,148.4000000
GAZP,D,20140221,000000,148.9600000,149.8500000,148.0000000,149.1700000
GAZP,D,20140224,000000,149.2000000,149.7900000,148.1400000,149.2300000
GAZP,D,20140225,000000,149.6000000,150.0000000,146.0200000,146.2100000
GAZP,D,20140226,000000,146.5100000,147.2600000,142.7700000,143.4900000
GAZP,D,20140227,000000,143.7500000,144.7600000,139.5000000,140.6500000
GAZP,D,20140228,000000,140.9700000,141.2000000,137.0300000,139.2000000
GAZP,D,20140303,000000,134.8800000,134.9000000,116.7900000,119.8600000
GAZP,D,20140304,000000,121.0100000,131.7200000,121.0000000,129.3500000
GAZP,D,20140305,000000,130.6400000,130.9900000,124.6200000,125.4500000
GAZP,D,20140306,000000,125.9000000,128.8600000,120.0000000,123.6200000
GAZP,D,20140307,000000,123.8800000,126.1000000,121.6700000,124.0100000
GAZP,D,20140311,000000,123.4800000,124.2900000,120.0800000,120.9000000
GAZP,D,20140312,000000,119.8500000,120.7000000,117.7600000,119.0600000
GAZP,D,20140313,000000,120.3200000,122.5600000,117.8100000,118.7000000
GAZP,D,20140314,000000,117.0300000,119.2000000,114.0000000,118.6000000
GAZP,D,20140317,000000,119.9500000,123.3300000,116.0600000,120.4600000
GAZP,D,20140318,000000,121.6600000,128.0000000,119.6200000,127.4000000
GAZP,D,20140319,000000,127.2000000,129.1800000,124.0500000,125.5500000
GAZP,D,20140320,000000,124.8400000,127.6400000,124.0000000,126.2100000
GAZP,D,20140321,000000,124.4000000,124.9500000,122.1200000,124.7100000
GAZP,D,20140324,000000,124.5800000,127.8700000,123.5300000,123.7000000
GAZP,D,20140325,000000,124.0000000,128.4300000,122.3000000,128.1000000
GAZP,D,20140326,000000,128.5500000,134.7300000,127.8600000,132.5000000
GAZP,D,20140327,000000,132.0000000,133.7000000,129.5600000,130.7800000
GAZP,D,20140328,000000,131.4000000,133.8800000,130.6000000,132.9500000
GAZP,D,20140331,000000,132.9000000,135.5000000,132.0000000,135.5000000
GAZP,D,20140401,000000,135.8000000,136.7300000,133.8400000,135.8900000
GAZP,D,20140402,000000,135.7500000,135.8500000,132.6700000,134.9000000
GAZP,D,20140403,000000,134.9700000,136.0000000,133.8200000,134.5000000
GAZP,D,20140404,000000,134.7500000,138.4300000,134.1000000,137.4700000
GAZP,D,20140407,000000,136.0100000,136.1900000,131.5100000,133.9900000
GAZP,D,20140408,000000,134.0500000,135.1000000,132.5500000,133.2500000
GAZP,D,20140409,000000,133.3000000,133.5800000,130.1000000,132.3100000
GAZP,D,20140410,000000,132.8600000,134.9000000,132.6400000,134.8200000
GAZP,D,20140411,000000,132.9600000,135.6700000,132.0000000,134.0000000
GAZP,D,20140414,000000,133.1200000,133.3000000,130.2100000,131.0000000
GAZP,D,20140415,000000,130.5600000,131.3000000,127.5200000,127.7500000
GAZP,D,20140416,000000,128.0200000,129.9500000,126.2500000,129.0000000
GAZP,D,20140417,000000,129.3600000,130.8400000,127.5200000,129.8200000
GAZP,D,20140418,000000,132.5000000,134.1900000,132.2800000,133.9000000
GAZP,D,20140421,000000,133.8600000,134.4400000,132.1200000,132.6800000
GAZP,D,20140422,000000,132.7700000,132.9200000,130.6200000,131.7000000
GAZP,D,20140423,000000,131.5000000,131.7000000,129.6000000,130.5000000
GAZP,D,20140424,000000,130.4900000,131.2800000,125.0400000,126.6900000
GAZP,D,20140425,000000,125.9700000,127.3000000,124.3800000,125.4000000
GAZP,D,20140428,000000,124.4100000,128.4000000,122.7700000,128.1200000
GAZP,D,20140429,000000,129.5000000,130.2800000,127.4300000,128.3000000
GAZP,D,20140430,000000,128.5100000,129.1400000,127.0000000,128.7700000
GAZP,D,20140502,000000,127.9000000,127.9600000,126.1200000,127.0000000
GAZP,D,20140505,000000,126.2900000,127.0900000,125.1500000,126.0000000
GAZP,D,20140506,000000,126.5000000,129.8100000,126.5000000,129.4900000
GAZP,D,20140507,000000,128.9600000,137.2000000,128.6200000,134.1000000
GAZP,D,20140508,000000,134.2000000,136.9900000,133.3000000,135.6300000
GAZP,D,20140512,000000,136.0600000,137.7900000,135.1700000,135.7100000
GAZP,D,20140513,000000,136.1100000,139.7500000,135.6000000,138.4600000
GAZP,D,20140514,000000,138.4300000,140.1000000,137.9100000,139.8700000
GAZP,D,20140515,000000,139.9800000,143.0900000,139.9000000,141.1500000
GAZP,D,20140516,000000,140.8000000,144.2900000,140.6700000,144.2900000
GAZP,D,20140519,000000,144.5000000,148.9400000,144.3800000,148.0500000
GAZP,D,20140520,000000,148.3400000,149.1000000,144.1200000,145.3500000
GAZP,D,20140521,000000,144.5000000,148.5500000,144.0000000,146.5800000
GAZP,D,20140522,000000,146.9500000,147.7500000,143.5600000,144.7800000
GAZP,D,20140523,000000,144.4000000,145.6900000,143.3000000,144.3000000
GAZP,D,20140526,000000,145.0100000,147.1000000,143.9500000,145.8000000
GAZP,D,20140527,000000,145.8000000,145.8100000,140.8900000,142.4000000
GAZP,D,20140528,000000,142.4500000,142.8300000,140.2400000,141.3000000
GAZP,D,20140529,000000,141.8200000,144.7900000,141.5700000,144.2000000
GAZP,D,20140530,000000,144.4400000,144.6100000,141.1500000,141.7000000
GAZP,D,20140602,000000,141.9800000,145.9600000,141.9000000,144.1100000
GAZP,D,20140603,000000,143.5600000,144.1900000,141.5000000,144.1900000
GAZP,D,20140604,000000,144.0000000,145.7800000,143.7000000,144.0400000
GAZP,D,20140605,000000,143.8000000,144.1300000,142.3000000,142.7500000
GAZP,D,20140606,000000,143.2600000,144.4000000,140.7000000,143.9700000
GAZP,D,20140609,000000,144.0200000,146.2000000,143.0300000,144.4000000
GAZP,D,20140610,000000,144.4000000,144.7600000,142.6700000,144.7500000
GAZP,D,20140611,000000,144.7500000,146.4000000,143.9000000,146.4000000
GAZP,D,20140616,000000,143.9200000,145.2700000,142.5800000,145.2000000
GAZP,D,20140617,000000,145.3000000,146.3700000,143.7200000,144.7700000
GAZP,D,20140618,000000,144.9000000,146.1900000,144.4300000,145.0000000
GAZP,D,20140619,000000,146.4000000,147.6900000,145.0400000,145.2000000
GAZP,D,20140620,000000,145.0500000,145.8800000,144.2800000,145.6000000
GAZP,D,20140623,000000,146.2200000,147.2700000,145.0700000,147.1700000
GAZP,D,20140624,000000,147.6600000,153.4200000,147.5600000,153.2500000
GAZP,D,20140625,000000,152.4500000,154.2100000,149.0100000,149.2600000
GAZP,D,20140626,000000,149.7000000,150.4400000,147.0200000,147.4400000
GAZP,D,20140627,000000,148.0100000,149.8800000,147.2200000,149.3900000
GAZP,D,20140630,000000,149.8000000,150.1800000,146.5800000,148.9600000
GAZP,D,20140701,000000,148.5200000,149.5000000,146.6500000,148.9700000
GAZP,D,20140702,000000,149.0900000,151.9500000,148.9000000,151.9500000
GAZP,D,20140703,000000,152.0200000,153.6600000,151.4100000,152.3000000
GAZP,D,20140704,000000,153.0000000,153.0900000,148.2500000,149.1300000
GAZP,D,20140707,000000,149.1000000,151.4000000,149.0900000,150.3100000
GAZP,D,20140708,000000,150.5900000,153.5300000,150.5200000,151.4300000
GAZP,D,20140709,000000,151.1100000,151.7700000,149.0100000,150.4000000
GAZP,D,20140710,000000,150.8000000,151.5200000,147.1000000,148.7900000
GAZP,D,20140711,000000,148.8600000,149.2500000,146.9100000,148.1500000
GAZP,D,20140714,000000,148.4600000,148.8000000,146.5100000,147.5000000
GAZP,D,20140715,000000,147.8200000,148.3700000,146.5200000,146.5200000
GAZP,D,20140716,000000,140.3500000,143.1000000,140.1000000,142.5000000
GAZP,D,20140717,000000,140.5000000,141.0000000,138.2300000,140.0000000
GAZP,D,20140718,000000,137.9600000,139.4100000,136.5000000,139.2600000
GAZP,D,20140721,000000,140.1900000,140.4400000,135.2000000,136.0100000
GAZP,D,20140722,000000,136.7800000,138.8700000,136.0500000,137.7500000
GAZP,D,20140723,000000,138.1000000,139.0000000,135.2000000,136.2900000
GAZP,D,20140724,000000,136.0000000,137.3600000,135.1500000,136.9000000
GAZP,D,20140725,000000,136.5000000,136.8300000,134.2200000,135.1200000
GAZP,D,20140728,000000,134.6000000,134.7300000,130.9000000,132.0000000
GAZP,D,20140729,000000,132.4000000,133.7300000,130.5500000,131.3100000
GAZP,D,20140730,000000,130.4400000,135.4100000,130.1000000,133.4000000
GAZP,D,20140731,000000,134.0000000,135.0000000,131.2100000,132.0000000
GAZP,D,20140801,000000,131.5000000,131.9900000,130.2100000,131.5000000
GAZP,D,20140804,000000,132.0000000,132.7900000,128.2500000,129.5000000
GAZP,D,20140805,000000,129.9800000,130.1000000,126.2800000,126.5700000
GAZP,D,20140806,000000,126.2000000,126.5000000,123.2300000,124.7000000
GAZP,D,20140807,000000,124.0400000,128.7700000,122.7900000,126.9200000
GAZP,D,20140808,000000,126.8000000,129.3700000,126.3300000,126.5500000
GAZP,D,20140811,000000,128.0100000,130.4500000,127.8400000,128.3000000
GAZP,D,20140812,000000,128.6200000,129.9500000,127.2400000,128.0000000
GAZP,D,20140813,000000,127.8000000,131.8400000,127.7000000,131.0000000
GAZP,D,20140814,000000,131.2000000,132.4900000,130.3400000,131.4100000
GAZP,D,20140815,000000,131.2800000,133.4700000,130.6200000,132.6700000
GAZP,D,20140818,000000,132.8200000,134.4000000,132.1100000,134.2900000
GAZP,D,20140819,000000,134.2900000,136.4000000,134.2800000,136.2000000
GAZP,D,20140820,000000,136.2000000,136.8000000,135.1600000,136.7000000
GAZP,D,20140821,000000,136.5800000,137.6900000,135.5500000,136.4900000
GAZP,D,20140822,000000,136.5200000,137.2000000,134.0000000,135.0000000
GAZP,D,20140825,000000,135.0600000,136.4600000,135.0000000,136.0900000
GAZP,D,20140826,000000,136.2500000,136.9900000,134.7100000,135.0000000
GAZP,D,20140827,000000,135.8800000,136.6700000,135.1200000,135.5100000
GAZP,D,20140828,000000,135.6000000,135.7400000,131.9400000,133.8000000
GAZP,D,20140829,000000,133.5000000,134.1700000,131.8100000,131.9500000
GAZP,D,20140901,000000,132.7100000,134.7500000,131.0000000,132.3200000
GAZP,D,20140902,000000,132.6800000,133.3200000,131.3400000,133.3200000
GAZP,D,20140903,000000,133.3500000,139.6300000,133.3300000,138.2600000
GAZP,D,20140904,000000,138.2900000,139.2900000,136.8000000,138.1500000
GAZP,D,20140905,000000,137.2700000,140.1300000,136.3600000,139.0000000
GAZP,D,20140908,000000,138.7800000,139.3800000,136.8700000,139.0000000
GAZP,D,20140909,000000,139.3000000,140.8200000,138.8600000,139.0200000
GAZP,D,20140910,000000,138.3900000,139.4000000,137.6200000,139.2000000
GAZP,D,20140911,000000,139.7000000,140.2800000,136.5100000,136.6500000
GAZP,D,20140912,000000,136.5000000,138.5600000,136.0000000,137.5600000
GAZP,D,20140915,000000,137.2500000,138.1200000,135.3500000,136.0000000
GAZP,D,20140916,000000,136.0200000,139.5800000,135.2600000,138.5600000
GAZP,D,20140917,000000,138.4900000,139.3400000,136.0500000,137.0000000
GAZP,D,20140918,000000,137.2500000,138.4000000,136.5100000,138.2000000
GAZP,D,20140919,000000,137.9200000,137.9900000,134.4800000,135.9900000
GAZP,D,20140922,000000,135.7000000,136.8300000,134.6000000,135.0500000
GAZP,D,20140923,000000,135.5500000,137.2000000,135.4700000,136.5000000
GAZP,D,20140924,000000,136.9700000,138.6500000,136.8800000,137.8000000
GAZP,D,20140925,000000,138.2600000,138.9600000,136.5200000,136.9200000
GAZP,D,20140926,000000,136.5000000,137.9500000,135.7100000,137.1100000
GAZP,D,20140929,000000,138.0000000,138.5700000,135.0000000,135.7700000
GAZP,D,20140930,000000,136.2400000,139.1300000,135.1400000,137.9000000
GAZP,D,20141001,000000,137.4800000,139.8600000,137.1200000,137.2600000
GAZP,D,20141002,000000,136.7700000,137.4400000,133.7000000,134.2500000
GAZP,D,20141003,000000,134.9500000,138.0700000,134.8700000,135.8000000
GAZP,D,20141006,000000,136.6200000,139.6300000,136.6200000,138.9000000
GAZP,D,20141007,000000,139.0100000,139.5000000,136.8000000,137.1000000
GAZP,D,20141008,000000,136.2000000,137.0000000,134.6100000,134.6100000
GAZP,D,20141009,000000,136.2000000,137.2600000,134.5500000,135.6400000
GAZP,D,20141010,000000,134.2800000,134.6000000,132.0900000,133.2100000
GAZP,D,20141013,000000,132.9600000,136.4000000,132.3200000,135.2500000
GAZP,D,20141014,000000,135.3000000,136.9200000,134.5100000,135.5000000
GAZP,D,20141015,000000,134.8800000,136.4800000,134.2500000,134.5000000
GAZP,D,20141016,000000,135.0200000,135.5900000,131.9300000,132.4100000
GAZP,D,20141017,000000,133.5000000,135.4000000,133.0100000,134.6000000
GAZP,D,20141020,000000,135.2000000,136.1800000,133.1400000,134.1000000
GAZP,D,20141021,000000,134.0000000,134.9500000,132.9400000,134.0000000
GAZP,D,20141022,000000,134.5100000,134.6600000,132.2500000,133.5000000
GAZP,D,20141023,000000,132.8500000,134.1500000,131.4200000,133.5000000
GAZP,D,20141024,000000,133.4600000,134.3000000,132.3500000,133.9900000
GAZP,D,20141027,000000,135.0000000,136.0500000,133.5000000,134.0700000
GAZP,D,20141028,000000,134.3000000,136.1400000,134.1000000,135.7500000
GAZP,D,20141029,000000,136.1800000,139.0000000,135.6700000,138.5000000
GAZP,D,20141030,000000,138.1200000,139.9000000,137.6200000,139.5000000
GAZP,D,20141031,000000,140.5000000,141.5000000,139.4900000,141.5000000
GAZP,D,20141103,000000,140.9600000,144.0000000,140.2600000,143.3900000
GAZP,D,20141105,000000,143.0200000,143.8200000,141.1100000,143.2000000
GAZP,D,20141106,000000,143.2900000,146.2500000,143.0500000,144.1000000
GAZP,D,20141107,000000,143.5000000,147.0000000,142.7300000,144.5000000
GAZP,D,20141110,000000,145.4500000,146.4600000,144.3500000,145.2200000
GAZP,D,20141111,000000,144.9700000,145.6900000,143.0100000,143.7100000
GAZP,D,20141112,000000,144.1400000,145.6000000,143.0000000,143.5700000
GAZP,D,20141113,000000,143.8000000,144.4500000,141.5100000,141.8400000
GAZP,D,20141114,000000,141.5000000,143.3500000,141.0000000,142.4900000
GAZP,D,20141117,000000,142.4500000,143.4800000,141.9100000,142.6700000
GAZP,D,20141118,000000,143.1100000,144.0100000,141.5300000,143.2000000
GAZP,D,20141119,000000,143.2200000,144.3800000,142.6700000,143.9800000
GAZP,D,20141120,000000,144.1800000,145.1100000,143.2200000,144.4800000
GAZP,D,20141121,000000,144.5200000,145.9900000,143.6100000,145.0100000
GAZP,D,20141124,000000,145.7200000,146.0000000,143.8200000,144.7000000
GAZP,D,20141125,000000,144.4400000,145.3900000,143.5900000,144.1300000
GAZP,D,20141126,000000,144.0100000,145.5000000,143.6800000,145.5000000
GAZP,D,20141127,000000,145.3200000,145.8900000,143.1200000,143.1900000
GAZP,D,20141128,000000,143.0000000,144.2000000,142.0000000,142.8600000
GAZP,D,20141201,000000,142.4000000,146.1200000,142.3700000,144.1000000
GAZP,D,20141202,000000,144.3900000,146.4100000,143.5500000,144.9100000
GAZP,D,20141203,000000,145.3000000,146.4000000,144.4200000,146.2300000
GAZP,D,20141204,000000,146.3900000,147.9500000,144.5000000,144.5000000
GAZP,D,20141205,000000,144.5000000,144.9100000,140.5000000,140.5000000
GAZP,D,20141208,000000,141.2500000,142.7600000,134.0200000,135.0500000
GAZP,D,20141209,000000,135.1500000,136.8300000,133.5400000,135.2400000
GAZP,D,20141210,000000,135.8000000,139.3000000,135.6700000,136.0900000
GAZP,D,20141211,000000,135.9500000,136.9000000,133.6000000,134.0100000
GAZP,D,20141212,000000,133.2300000,137.5300000,130.5100000,134.4900000
GAZP,D,20141215,000000,135.2000000,135.8700000,127.5500000,130.2900000
GAZP,D,20141216,000000,129.3900000,134.2100000,113.7300000,131.4000000
GAZP,D,20141217,000000,130.9800000,139.9600000,125.2500000,131.0000000
GAZP,D,20141218,000000,132.3700000,139.7000000,132.0000000,137.0000000
GAZP,D,20141219,000000,137.1500000,139.0000000,131.3000000,138.7000000
GAZP,D,20141222,000000,138.8500000,140.0000000,135.7000000,136.4900000
GAZP,D,20141223,000000,136.8000000,137.7700000,132.5100000,133.4000000
GAZP,D,20141224,000000,133.4000000,135.2500000,132.6600000,134.2800000
GAZP,D,20141225,000000,133.8500000,135.1200000,133.1000000,134.8000000
GAZP,D,20141226,000000,135.1000000,136.2800000,134.5100000,134.6000000
GAZP,D,20141229,000000,134.5600000,139.4300000,133.0800000,135.5000000
GAZP,D,20141230,000000,134.4700000,134.7900000,129.7400000,130.3100000
GAZP,D,20150105,000000,129.6000000,133.9500000,129.1500000,133.9500000
GAZP,D,20150106,000000,132.9900000,138.9200000,132.7100000,138.9200000
GAZP,D,20150108,000000,140.0600000,147.5000000,140.0000000,146.4600000
GAZP,D,20150109,000000,146.4600000,147.0800000,139.9000000,141.7000000
GAZP,D,20150112,000000,141.3700000,143.4400000,139.7200000,140.2200000
GAZP,D,20150113,000000,140.2000000,143.8100000,139.0000000,142.6400000
GAZP,D,20150114,000000,141.9900000,147.5000000,141.9900000,146.3000000
GAZP,D,20150115,000000,147.5100000,149.8900000,145.5000000,147.0000000
GAZP,D,20150116,000000,145.9900000,150.2000000,145.5000000,149.6000000
GAZP,D,20150119,000000,149.5900000,152.8300000,147.5900000,148.1100000
GAZP,D,20150120,000000,148.3000000,149.7200000,145.7200000,145.7500000
GAZP,D,20150121,000000,146.9000000,149.5100000,145.9200000,148.8000000
GAZP,D,20150122,000000,149.0100000,152.6900000,148.6500000,151.5000000
GAZP,D,20150123,000000,152.3100000,152.9300000,150.3600000,152.8300000
GAZP,D,20150126,000000,151.9400000,152.4600000,146.7500000,148.0000000
GAZP,D,20150127,000000,146.5200000,152.4500000,146.1100000,150.9000000
GAZP,D,20150128,000000,151.3700000,154.4700000,147.5000000,147.7000000
GAZP,D,20150129,000000,147.1900000,149.2000000,144.4900000,145.0000000
GAZP,D,20150130,000000,145.5600000,146.8200000,142.1300000,143.8200000
GAZP,D,20150202,000000,144.7200000,145.2000000,137.4300000,138.1800000
GAZP,D,20150203,000000,139.2200000,142.3000000,138.2500000,140.3500000
GAZP,D,20150204,000000,141.2200000,143.8000000,139.4300000,142.6000000
GAZP,D,20150205,000000,141.9600000,147.7400000,140.3400000,147.6000000
GAZP,D,20150206,000000,148.0000000,152.2000000,147.1300000,151.6000000
GAZP,D,20150209,000000,151.7500000,153.9500000,147.7000000,149.3000000
GAZP,D,20150210,000000,148.8800000,151.9000000,148.0700000,149.3100000
GAZP,D,20150211,000000,150.3000000,153.8300000,149.8800000,150.5500000
GAZP,D,20150212,000000,152.5000000,157.9800000,149.5000000,157.7000000
GAZP,D,20150213,000000,158.2000000,162.7500000,158.1600000,162.4000000
GAZP,D,20150216,000000,162.4000000,163.4400000,158.2000000,160.1900000
GAZP,D,20150217,000000,159.9800000,164.2000000,156.3000000,159.2000000
GAZP,D,20150218,000000,160.5300000,166.9400000,160.4000000,163.0000000
GAZP,D,20150219,000000,163.0300000,165.4400000,157.0700000,160.9000000
GAZP,D,20150220,000000,161.5100000,162.3900000,156.6100000,158.0000000
GAZP,D,20150224,000000,154.7900000,155.7500000,152.8200000,154.9900000
GAZP,D,20150225,000000,154.8200000,155.1500000,149.2200000,150.7000000
GAZP,D,20150226,000000,151.0500000,153.7700000,149.1000000,151.6500000
GAZP,D,20150227,000000,151.1500000,153.4000000,149.7600000,152.9500000
GAZP,D,20150302,000000,152.7200000,155.8300000,152.5500000,155.5000000
GAZP,D,20150303,000000,155.2500000,160.6000000,153.5000000,159.0000000
GAZP,D,20150304,000000,158.9500000,160.1400000,153.8200000,154.0000000
GAZP,D,20150305,000000,154.7800000,157.7500000,152.6300000,154.8000000
GAZP,D,20150306,000000,155.3000000,156.1300000,151.4700000,152.1200000
GAZP,D,20150310,000000,151.3000000,151.7000000,148.0500000,148.0500000
GAZP,D,20150311,000000,148.0700000,149.6000000,145.9500000,145.9900000
GAZP,D,20150312,000000,147.0000000,147.4700000,144.7000000,144.7000000
GAZP,D,20150313,000000,145.1000000,146.1200000,141.1400000,141.8000000
GAZP,D,20150316,000000,141.1100000,142.8900000,139.7500000,139.7500000
GAZP,D,20150317,000000,140.7000000,141.6300000,138.5500000,139.7000000
GAZP,D,20150318,000000,140.1000000,141.4500000,138.7000000,140.2500000
GAZP,D,20150319,000000,141.1400000,142.6200000,136.8000000,136.8100000
GAZP,D,20150320,000000,137.1000000,138.5900000,134.5100000,136.0000000
GAZP,D,20150323,000000,137.0100000,137.5700000,133.4300000,134.6100000
GAZP,D,20150324,000000,134.3100000,138.1400000,133.4100000,137.1500000
GAZP,D,20150325,000000,137.2100000,138.3300000,133.8100000,134.9000000
GAZP,D,20150326,000000,135.9000000,136.6900000,131.7000000,132.2000000
GAZP,D,20150327,000000,132.5000000,134.9800000,132.2000000,134.8800000
GAZP,D,20150330,000000,134.4800000,137.8800000,134.2400000,137.0000000
GAZP,D,20150331,000000,136.8300000,139.1900000,136.6000000,138.9000000
GAZP,D,20150401,000000,138.4500000,143.2000000,137.5700000,143.0000000
GAZP,D,20150402,000000,143.3200000,144.8800000,142.3200000,143.9000000
GAZP,D,20150403,000000,144.0000000,145.6500000,143.0200000,143.9400000
GAZP,D,20150406,000000,144.0400000,145.7000000,143.3600000,145.7000000
GAZP,D,20150407,000000,145.4000000,147.3500000,144.8000000,146.2000000
GAZP,D,20150408,000000,145.8300000,147.3000000,145.1300000,147.2700000
GAZP,D,20150409,000000,146.9600000,148.7400000,143.7200000,148.1000000
GAZP,D,20150410,000000,148.3000000,151.9000000,147.0000000,148.0000000
GAZP,D,20150413,000000,148.2500000,150.0000000,146.3000000,148.8000000
GAZP,D,20150414,000000,148.2500000,148.4000000,143.9000000,144.4000000
GAZP,D,20150415,000000,144.4500000,150.1000000,144.2500000,150.1000000
GAZP,D,20150416,000000,150.6000000,152.8700000,149.1200000,152.4000000
GAZP,D,20150417,000000,152.5000000,153.5500000,149.3000000,149.3000000
GAZP,D,20150420,000000,149.9000000,154.7000000,148.7300000,153.9600000
GAZP,D,20150421,000000,153.5000000,156.2000000,153.4700000,155.3500000
GAZP,D,20150422,000000,155.2300000,155.2700000,150.0800000,150.8000000
GAZP,D,20150423,000000,150.9900000,151.0000000,146.6200000,150.1500000
GAZP,D,20150424,000000,150.0000000,154.1400000,149.6700000,153.8900000
GAZP,D,20150427,000000,153.9600000,155.1800000,152.0500000,152.0500000
GAZP,D,20150428,000000,151.8900000,153.1400000,149.7000000,152.7900000
GAZP,D,20150429,000000,152.8000000,154.9900000,151.7500000,152.5000000
GAZP,D,20150430,000000,152.5800000,154.2000000,151.0600000,153.5000000
GAZP,D,20150505,000000,154.2000000,158.7000000,153.3200000,156.3300000
GAZP,D,20150506,000000,156.3900000,156.3900000,153.3000000,155.2500000
GAZP,D,20150507,000000,154.5400000,154.5900000,150.8100000,152.1000000
GAZP,D,20150508,000000,152.0000000,155.6500000,151.7000000,155.5200000
GAZP,D,20150512,000000,155.4100000,157.0000000,152.1000000,154.2000000
GAZP,D,20150513,000000,154.3000000,154.5000000,151.6000000,151.7400000
GAZP,D,20150514,000000,151.8300000,153.6800000,151.0500000,151.8000000
GAZP,D,20150515,000000,152.4700000,154.1000000,151.5000000,152.9800000
GAZP,D,20150518,000000,153.0200000,154.2800000,151.6400000,151.9000000
GAZP,D,20150519,000000,151.9900000,152.4000000,148.6200000,149.8500000
GAZP,D,20150520,000000,149.8600000,149.9800000,146.0000000,146.3500000
GAZP,D,20150521,000000,146.3500000,148.2800000,144.4500000,147.1600000
GAZP,D,20150522,000000,147.3000000,149.8500000,146.9500000,148.8000000
GAZP,D,20150525,000000,148.6300000,148.8000000,145.2200000,146.6900000
GAZP,D,20150526,000000,147.3000000,147.8500000,144.8700000,145.2500000
GAZP,D,20150527,000000,145.6200000,147.7000000,144.1900000,147.6600000
GAZP,D,20150528,000000,147.5600000,149.5000000,146.1100000,146.1100000
GAZP,D,20150529,000000,146.3000000,148.9000000,139.0000000,139.0000000
GAZP,D,20150601,000000,140.1300000,141.7900000,139.2500000,139.4000000
GAZP,D,20150602,000000,139.8000000,141.7500000,138.2300000,140.7500000
GAZP,D,20150603,000000,141.0000000,144.0000000,138.8000000,140.7100000
GAZP,D,20150604,000000,140.9600000,142.3900000,139.3000000,140.2000000
GAZP,D,20150605,000000,140.3000000,142.5200000,139.4000000,142.4000000
GAZP,D,20150608,000000,142.5800000,144.4900000,141.5000000,142.6600000
GAZP,D,20150609,000000,142.9200000,146.4000000,141.8000000,146.1700000
GAZP,D,20150610,000000,146.4000000,147.7000000,145.3100000,145.6000000
GAZP,D,20150611,000000,146.0000000,146.0000000,144.0500000,145.4000000
GAZP,D,20150615,000000,144.5000000,145.8000000,142.3500000,144.9500000
GAZP,D,20150616,000000,144.9500000,147.1500000,144.8700000,146.0000000
GAZP,D,20150617,000000,146.3000000,148.4800000,145.5600000,147.6000000
GAZP,D,20150618,000000,147.7200000,149.1700000,146.2000000,147.1500000
GAZP,D,20150619,000000,147.3000000,148.7000000,146.3300000,147.1500000
GAZP,D,20150622,000000,147.4700000,149.2000000,146.9100000,148.5000000
GAZP,D,20150623,000000,148.7200000,149.3900000,145.8200000,146.2500000
GAZP,D,20150624,000000,146.7100000,148.1100000,145.8300000,146.6800000
GAZP,D,20150625,000000,146.1700000,147.6600000,143.7000000,143.7000000
GAZP,D,20150626,000000,143.7000000,145.4900000,142.6100000,145.1800000
GAZP,D,20150629,000000,143.8000000,144.5000000,142.5100000,143.5900000
GAZP,D,20150630,000000,143.4800000,145.9500000,142.2500000,145.8500000
GAZP,D,20150701,000000,145.5100000,146.9500000,144.6800000,145.5000000
GAZP,D,20150702,000000,145.5100000,146.9000000,144.8000000,145.8000000
GAZP,D,20150703,000000,145.8300000,146.0500000,144.0000000,144.3300000
GAZP,D,20150706,000000,143.5200000,144.0600000,141.2500000,143.0000000
GAZP,D,20150707,000000,142.7500000,144.8600000,142.0300000,142.5000000
GAZP,D,20150708,000000,142.5000000,142.9400000,139.5500000,141.5000000
GAZP,D,20150709,000000,141.9000000,143.8500000,141.3700000,143.7700000
GAZP,D,20150710,000000,144.0000000,144.7000000,143.5000000,143.9000000
GAZP,D,20150713,000000,143.6000000,145.3500000,143.4000000,145.2700000
GAZP,D,20150714,000000,145.3100000,146.5000000,144.1600000,146.5000000
GAZP,D,20150715,000000,141.4900000,143.3800000,141.0000000,142.7000000
GAZP,D,20150716,000000,142.5900000,144.2000000,142.0100000,144.2000000
GAZP,D,20150717,000000,143.6900000,145.6400000,143.4000000,143.6000000
GAZP,D,20150720,000000,143.9600000,144.2000000,140.5000000,141.7800000
GAZP,D,20150721,000000,141.5000000,142.4500000,139.9600000,141.4100000
GAZP,D,20150722,000000,140.9500000,141.0100000,138.7100000,140.8000000
GAZP,D,20150723,000000,140.6000000,140.8000000,138.3200000,138.3700000
GAZP,D,20150724,000000,138.1100000,138.3400000,135.8500000,136.4100000
GAZP,D,20150727,000000,136.1500000,136.3700000,133.1300000,134.5100000
GAZP,D,20150728,000000,134.4000000,136.3600000,132.7700000,135.0500000
GAZP,D,20150729,000000,135.2000000,138.7000000,134.3500000,138.7000000
GAZP,D,20150730,000000,138.5000000,140.4400000,138.0400000,139.8000000
GAZP,D,20150731,000000,139.4300000,142.6000000,137.8500000,142.5000000
GAZP,D,20150803,000000,142.0000000,143.1500000,139.9000000,141.4500000
GAZP,D,20150804,000000,141.2300000,142.7500000,140.1500000,141.8900000
GAZP,D,20150805,000000,142.2400000,143.9500000,140.7500000,143.7800000
GAZP,D,20150806,000000,143.0600000,143.7400000,140.2300000,140.8800000
GAZP,D,20150807,000000,141.0700000,142.2000000,140.5000000,141.3400000
GAZP,D,20150810,000000,141.2500000,141.6000000,138.0000000,141.5000000
GAZP,D,20150811,000000,141.5000000,143.3000000,141.0500000,141.9700000
GAZP,D,20150812,000000,141.2200000,143.2000000,140.1000000,142.9900000
GAZP,D,20150813,000000,143.3000000,144.5000000,142.7200000,143.7000000
GAZP,D,20150814,000000,143.7000000,145.4500000,142.9000000,144.8000000
GAZP,D,20150817,000000,144.4900000,144.8900000,142.7600000,144.2500000
GAZP,D,20150818,000000,143.6200000,143.9000000,141.7000000,142.6500000
GAZP,D,20150819,000000,142.5000000,143.6000000,139.8000000,140.8000000
GAZP,D,20150820,000000,140.1000000,143.0000000,139.8200000,142.6400000
GAZP,D,20150821,000000,141.5300000,143.0000000,140.2100000,140.2900000
GAZP,D,20150824,000000,139.0000000,139.0000000,134.1000000,135.3500000
GAZP,D,20150825,000000,135.7200000,141.0000000,135.7200000,140.4000000
GAZP,D,20150826,000000,140.2100000,141.9500000,138.5100000,140.5100000
GAZP,D,20150827,000000,141.8500000,144.8000000,141.5900000,144.6000000
GAZP,D,20150828,000000,145.3000000,147.3500000,143.0400000,146.6000000
GAZP,D,20150831,000000,145.8900000,148.1900000,145.1600000,148.1900000
GAZP,D,20150901,000000,148.1900000,148.2000000,143.7000000,144.5000000
GAZP,D,20150902,000000,144.1000000,145.5000000,142.2500000,142.5700000
GAZP,D,20150903,000000,143.6800000,145.9500000,142.7000000,145.3000000
GAZP,D,20150904,000000,144.9000000,145.1300000,142.1700000,142.8000000
GAZP,D,20150907,000000,142.5100000,143.4000000,141.3200000,141.6700000
GAZP,D,20150908,000000,142.2700000,144.3900000,142.2300000,143.2100000
GAZP,D,20150909,000000,144.3000000,145.4000000,144.1100000,144.2200000
GAZP,D,20150910,000000,143.6100000,144.7800000,142.3500000,142.9900000
GAZP,D,20150911,000000,143.2600000,143.5000000,141.2000000,142.4000000
GAZP,D,20150914,000000,142.2600000,143.8700000,142.1000000,143.5800000
GAZP,D,20150915,000000,143.5500000,143.8000000,141.4500000,141.9500000
GAZP,D,20150916,000000,142.4000000,143.1700000,141.6000000,142.9100000
GAZP,D,20150917,000000,142.9900000,143.2700000,142.3100000,142.8000000
GAZP,D,20150918,000000,143.3400000,143.4000000,139.1000000,139.5000000
GAZP,D,20150921,000000,140.1100000,140.8400000,138.8200000,139.4500000
GAZP,D,20150922,000000,139.7100000,139.7100000,135.6800000,136.4000000
GAZP,D,20150923,000000,136.4000000,136.8800000,133.3800000,134.3000000
GAZP,D,20150924,000000,134.5700000,134.7800000,131.5000000,132.2000000
GAZP,D,20150925,000000,132.6100000,134.5500000,132.5400000,133.8500000
GAZP,D,20150928,000000,134.1000000,134.2700000,130.3700000,130.9000000
GAZP,D,20150929,000000,130.6000000,134.0600000,130.3600000,133.2000000
GAZP,D,20150930,000000,133.8100000,135.7300000,132.8000000,134.5500000
GAZP,D,20151001,000000,134.6800000,135.6000000,131.5100000,132.9000000
GAZP,D,20151002,000000,132.7700000,133.1700000,131.0200000,131.5000000
GAZP,D,20151005,000000,132.4900000,136.8000000,132.2700000,136.8000000
GAZP,D,20151006,000000,136.9400000,137.9000000,135.1700000,137.8700000
GAZP,D,20151007,000000,138.0800000,140.0000000,136.7500000,140.0000000
GAZP,D,20151008,000000,139.3100000,141.1500000,138.3500000,139.8000000
GAZP,D,20151009,000000,140.6300000,145.3200000,140.6100000,143.8100000
GAZP,D,20151012,000000,143.8800000,144.9900000,140.7200000,141.7000000
GAZP,D,20151013,000000,141.0200000,141.8000000,138.8100000,141.8000000
GAZP,D,20151014,000000,141.1700000,143.3600000,140.5000000,142.0100000
GAZP,D,20151015,000000,142.3400000,144.1600000,142.2100000,142.6100000
GAZP,D,20151016,000000,143.7200000,144.1600000,140.2000000,141.0000000
GAZP,D,20151019,000000,140.8200000,141.5200000,138.6200000,140.2700000
GAZP,D,20151020,000000,140.7200000,140.7700000,138.6000000,140.4000000
GAZP,D,20151021,000000,140.2900000,140.6400000,138.2000000,139.4900000
GAZP,D,20151022,000000,139.3900000,140.1700000,138.8800000,139.2500000
GAZP,D,20151023,000000,139.7000000,140.1900000,138.5000000,138.9400000
GAZP,D,20151026,000000,139.1000000,139.9900000,136.6500000,138.5000000
GAZP,D,20151027,000000,137.3700000,138.5000000,135.6600000,138.5000000
GAZP,D,20151028,000000,138.2500000,138.3400000,135.8000000,138.1000000
GAZP,D,20151029,000000,138.2500000,138.3000000,135.5200000,136.1100000
GAZP,D,20151030,000000,136.0400000,136.6600000,135.1800000,135.7500000
GAZP,D,20151102,000000,135.4600000,137.8000000,135.1200000,137.8000000
GAZP,D,20151103,000000,137.6900000,142.0000000,137.4100000,141.7500000
GAZP,D,20151105,000000,141.8800000,142.9400000,140.4800000,140.9700000
GAZP,D,20151106,000000,140.9100000,142.3000000,137.3000000,137.7500000
GAZP,D,20151109,000000,138.0800000,138.3400000,135.7000000,136.5000000
GAZP,D,20151110,000000,136.4200000,136.9500000,135.3200000,135.5800000
GAZP,D,20151111,000000,135.8900000,136.6500000,134.6000000,135.0000000
GAZP,D,20151112,000000,135.1000000,138.8700000,134.5300000,136.6000000
GAZP,D,20151113,000000,136.4400000,137.3600000,135.7000000,136.0000000
GAZP,D,20151116,000000,136.4400000,139.2000000,135.6000000,137.2100000
GAZP,D,20151117,000000,138.2700000,143.5000000,137.8200000,142.7500000
GAZP,D,20151118,000000,142.8400000,147.9500000,141.7800000,147.4700000
GAZP,D,20151119,000000,148.1400000,149.9800000,145.1700000,147.5000000
GAZP,D,20151120,000000,146.2000000,148.9100000,144.7400000,148.0500000
GAZP,D,20151123,000000,147.8300000,152.0000000,145.8800000,152.0000000
GAZP,D,20151124,000000,151.8200000,152.8400000,144.7000000,145.6500000
GAZP,D,20151125,000000,146.0100000,147.0700000,142.2600000,143.9900000
GAZP,D,20151126,000000,144.2900000,146.2100000,141.8600000,143.2000000
GAZP,D,20151127,000000,142.9900000,143.1000000,140.6200000,140.6500000
GAZP,D,20151130,000000,140.4000000,142.4700000,138.0000000,138.0000000
GAZP,D,20151201,000000,140.0000000,140.0000000,136.8800000,137.4200000
GAZP,D,20151202,000000,137.6000000,139.4500000,136.3000000,136.8500000
GAZP,D,20151203,000000,136.5300000,140.6600000,136.5300000,140.0000000
GAZP,D,20151204,000000,140.4400000,141.6000000,137.0000000,137.7000000
GAZP,D,20151207,000000,137.7000000,138.5800000,134.3000000,134.5000000
GAZP,D,20151208,000000,134.3100000,135.5600000,133.2800000,134.6500000
GAZP,D,20151209,000000,134.9300000,136.2000000,134.4000000,135.8100000
GAZP,D,20151210,000000,135.6500000,136.8200000,135.0000000,135.6000000
GAZP,D,20151211,000000,135.2400000,135.6000000,132.5000000,133.8000000
GAZP,D,20151214,000000,133.0200000,133.1800000,130.9000000,131.5900000
GAZP,D,20151215,000000,132.2400000,134.9000000,132.1000000,134.4000000
GAZP,D,20151216,000000,134.5000000,135.1700000,133.9500000,134.5000000
GAZP,D,20151217,000000,134.6500000,138.6900000,134.6500000,137.9000000
GAZP,D,20151218,000000,137.2700000,137.3900000,132.2500000,132.2500000
GAZP,D,20151221,000000,132.2000000,133.9400000,131.0000000,131.5000000
GAZP,D,20151222,000000,132.0000000,133.5400000,131.8100000,133.2000000
GAZP,D,20151223,000000,133.5200000,135.3000000,133.3500000,135.3000000
GAZP,D,20151224,000000,135.8000000,138.0800000,134.4500000,136.0000000
GAZP,D,20151225,000000,136.4700000,136.4700000,134.0300000,134.4800000
GAZP,D,20151228,000000,134.3500000,135.4000000,133.7600000,134.9700000
GAZP,D,20151229,000000,135.2600000,137.5500000,134.7400000,137.4900000
GAZP,D,20151230,000000,137.4800000,137.4900000,135.4500000,136.0900000
GAZP,D,20160104,000000,135.8900000,136.6500000,134.4200000,134.9100000
GAZP,D,20160105,000000,134.8500000,137.2800000,134.6100000,136.4500000
GAZP,D,20160106,000000,136.3500000,136.9300000,135.3000000,135.9400000
GAZP,D,20160111,000000,132.9700000,133.6500000,131.1000000,131.3800000
GAZP,D,20160112,000000,130.5000000,135.2500000,130.1000000,133.5400000
GAZP,D,20160113,000000,134.1700000,134.4800000,131.2000000,131.3000000
GAZP,D,20160114,000000,130.9700000,131.4900000,129.0100000,130.8600000
GAZP,D,20160115,000000,130.3100000,132.4300000,125.0500000,125.1000000
GAZP,D,20160118,000000,124.8100000,126.3000000,122.7500000,124.6000000
GAZP,D,20160119,000000,125.5100000,128.4000000,125.3000000,125.9800000
GAZP,D,20160120,000000,123.6000000,125.8300000,122.8000000,125.8300000
GAZP,D,20160121,000000,126.0100000,128.0900000,125.5500000,127.7500000
GAZP,D,20160122,000000,129.9900000,132.9800000,128.3400000,132.4000000
GAZP,D,20160125,000000,133.1400000,133.1900000,130.6800000,133.0000000
GAZP,D,20160126,000000,131.0000000,132.4500000,130.3400000,131.8900000
GAZP,D,20160127,000000,132.1900000,134.0000000,131.8500000,134.0000000
GAZP,D,20160128,000000,133.8900000,136.5000000,133.1500000,136.5000000
GAZP,D,20160129,000000,137.0000000,137.2000000,133.3300000,136.6000000
GAZP,D,20160201,000000,136.1700000,136.3400000,132.8200000,133.9000000
GAZP,D,20160202,000000,133.0900000,135.2800000,132.0900000,132.5000000
GAZP,D,20160203,000000,131.8800000,133.0000000,130.9100000,131.0100000
GAZP,D,20160204,000000,133.1600000,135.2500000,132.6200000,135.0700000
GAZP,D,20160205,000000,134.5200000,136.2000000,133.9100000,134.4300000
GAZP,D,20160208,000000,134.2900000,134.9700000,132.1500000,133.5000000
GAZP,D,20160209,000000,132.9800000,135.1900000,132.4500000,132.7000000
GAZP,D,20160210,000000,132.0700000,133.9200000,131.8000000,133.0300000
GAZP,D,20160211,000000,132.8300000,133.0800000,129.3100000,130.4900000
GAZP,D,20160212,000000,131.1400000,132.2300000,130.7100000,131.3000000
GAZP,D,20160215,000000,132.0200000,133.9000000,132.0200000,133.4300000
GAZP,D,20160216,000000,134.4500000,136.4500000,133.9500000,135.8500000
GAZP,D,20160217,000000,135.5000000,137.2000000,135.0500000,137.1000000
GAZP,D,20160218,000000,137.3800000,138.9000000,137.1100000,138.0000000
GAZP,D,20160219,000000,137.2800000,137.2800000,135.6200000,136.9000000
GAZP,D,20160220,000000,136.6200000,137.5500000,136.3100000,136.5900000
GAZP,D,20160222,000000,136.9200000,139.9500000,136.6200000,139.9000000
GAZP,D,20160224,000000,138.5800000,138.7500000,136.2500000,137.1500000
GAZP,D,20160225,000000,137.6200000,139.4600000,135.5500000,137.9700000
GAZP,D,20160226,000000,138.8300000,139.9800000,138.0000000,138.6700000
GAZP,D,20160229,000000,137.8900000,141.5200000,137.5000000,141.4000000
GAZP,D,20160301,000000,141.5100000,142.7500000,140.8500000,142.0000000
GAZP,D,20160302,000000,142.6000000,143.0700000,139.7500000,140.1400000
GAZP,D,20160303,000000,140.6300000,144.5000000,140.5000000,144.5000000
GAZP,D,20160304,000000,144.6100000,146.1600000,143.7600000,146.1600000
GAZP,D,20160307,000000,146.8700000,150.1500000,146.6400000,150.1500000
GAZP,D,20160309,000000,149.0200000,149.9300000,146.0700000,147.4300000
GAZP,D,20160310,000000,147.9300000,148.5600000,146.1600000,146.9400000
GAZP,D,20160311,000000,147.0100000,147.2000000,143.6000000,144.3000000
GAZP,D,20160314,000000,144.4700000,144.7100000,141.9100000,143.2000000
GAZP,D,20160315,000000,143.4000000,144.4500000,142.0600000,142.5400000
GAZP,D,20160316,000000,143.0300000,144.7500000,142.7200000,144.7500000
GAZP,D,20160317,000000,145.6100000,147.4000000,145.0800000,147.2700000
GAZP,D,20160318,000000,147.2600000,150.7400000,146.5600000,150.6500000
GAZP,D,20160321,000000,149.5900000,149.9200000,147.7500000,149.9000000
GAZP,D,20160322,000000,149.9800000,150.6400000,147.8000000,149.5500000
GAZP,D,20160323,000000,149.1900000,149.5300000,145.0700000,146.0000000
GAZP,D,20160324,000000,145.2000000,145.9500000,144.4900000,145.8000000
GAZP,D,20160325,000000,146.2700000,146.8900000,145.8200000,146.0400000
GAZP,D,20160328,000000,146.5400000,147.5000000,144.6000000,145.1000000
GAZP,D,20160329,000000,144.7800000,145.1600000,142.8600000,144.7000000
GAZP,D,20160330,000000,145.2200000,149.0900000,144.5200000,147.8000000
GAZP,D,20160331,000000,147.5000000,148.1700000,146.0500000,147.7500000
GAZP,D,20160401,000000,147.0200000,147.5000000,143.9300000,147.2000000
GAZP,D,20160404,000000,147.1000000,147.5000000,145.3500000,146.3800000
GAZP,D,20160405,000000,145.3500000,145.3500000,143.5700000,144.3400000
GAZP,D,20160406,000000,144.8700000,145.5000000,144.0300000,144.2000000
GAZP,D,20160407,000000,144.9500000,145.5000000,143.0500000,143.8900000
GAZP,D,20160408,000000,144.2200000,146.0000000,144.1000000,145.7000000
GAZP,D,20160411,000000,145.7000000,147.5000000,145.1000000,147.3000000
GAZP,D,20160412,000000,147.3300000,149.3500000,146.0400000,148.9000000
GAZP,D,20160413,000000,149.1000000,154.7500000,148.8800000,153.1200000
GAZP,D,20160414,000000,153.3800000,154.9000000,149.1600000,150.4300000
GAZP,D,20160415,000000,150.6900000,150.7100000,147.0200000,147.9900000
GAZP,D,20160418,000000,145.9900000,146.7700000,143.2800000,146.3000000
GAZP,D,20160419,000000,146.4500000,156.1400000,146.2000000,155.9500000
GAZP,D,20160420,000000,155.8800000,162.3000000,155.8200000,161.9500000
GAZP,D,20160421,000000,164.7000000,164.7600000,157.6100000,161.8000000
GAZP,D,20160422,000000,162.1400000,162.4500000,158.2500000,161.2000000
GAZP,D,20160425,000000,160.7100000,161.7500000,158.6100000,160.3000000
GAZP,D,20160426,000000,159.8200000,163.3200000,159.3100000,163.0000000
GAZP,D,20160427,000000,163.8800000,164.8000000,159.3000000,160.9900000
GAZP,D,20160428,000000,161.0500000,164.7500000,158.9000000,164.7500000
GAZP,D,20160429,000000,164.6000000,169.4700000,163.4200000,168.4700000
GAZP,D,20160504,000000,166.3700000,170.4300000,158.2500000,162.4000000
GAZP,D,20160505,000000,161.3300000,163.2400000,160.0700000,160.5000000
GAZP,D,20160506,000000,160.7000000,160.9000000,158.5500000,159.2700000
GAZP,D,20160510,000000,158.7300000,161.1500000,156.1500000,156.8500000
GAZP,D,20160511,000000,157.2900000,160.4900000,156.7000000,159.4500000
GAZP,D,20160512,000000,160.9500000,162.3400000,159.0300000,159.0300000
GAZP,D,20160513,000000,159.4000000,160.1800000,157.3200000,159.8500000
GAZP,D,20160516,000000,159.9800000,162.5400000,157.5000000,158.0700000
GAZP,D,20160517,000000,155.3900000,156.0000000,150.6000000,153.5800000
GAZP,D,20160518,000000,153.3800000,153.5000000,151.8000000,152.1000000
GAZP,D,20160519,000000,151.4000000,155.5500000,148.3300000,148.3300000
GAZP,D,20160520,000000,149.3300000,149.5600000,145.6400000,146.7000000
GAZP,D,20160523,000000,146.2200000,146.4700000,143.8300000,144.3100000
GAZP,D,20160524,000000,144.8000000,146.8000000,144.4600000,146.3500000
GAZP,D,20160525,000000,146.9200000,148.3700000,146.3400000,146.5500000
GAZP,D,20160526,000000,147.2900000,149.8800000,146.6300000,148.8700000
GAZP,D,20160527,000000,148.8000000,149.8800000,147.5800000,149.8800000
GAZP,D,20160530,000000,149.9700000,150.1500000,147.7600000,149.6000000
GAZP,D,20160531,000000,149.7400000,150.2900000,145.5000000,145.5000000
GAZP,D,20160601,000000,145.9000000,146.7100000,143.6300000,144.7000000
GAZP,D,20160602,000000,144.8600000,145.6400000,142.8500000,144.0000000
GAZP,D,20160603,000000,144.3800000,145.4300000,142.7000000,143.4100000
GAZP,D,20160606,000000,144.3200000,147.0000000,144.2300000,146.4000000
GAZP,D,20160607,000000,146.4400000,148.9000000,146.0000000,147.7500000
GAZP,D,20160608,000000,148.0400000,149.1400000,145.4300000,146.9500000
GAZP,D,20160609,000000,147.0000000,147.0000000,144.2500000,144.9800000
GAZP,D,20160610,000000,144.7000000,144.7500000,142.4400000,142.4400000
GAZP,D,20160614,000000,142.3300000,143.1300000,140.3800000,141.8400000
GAZP,D,20160615,000000,141.9000000,142.6000000,140.1900000,141.5700000
GAZP,D,20160616,000000,141.0000000,141.5500000,138.4000000,139.5000000
GAZP,D,20160617,000000,140.2800000,142.2500000,139.3200000,139.3200000
GAZP,D,20160620,000000,141.1400000,143.6400000,141.0700000,142.9700000
GAZP,D,20160621,000000,142.9800000,143.8500000,141.2000000,143.5400000
GAZP,D,20160622,000000,143.7000000,144.2000000,142.6900000,143.0000000
GAZP,D,20160623,000000,142.9800000,144.2000000,141.3400000,144.2000000
GAZP,D,20160624,000000,139.7700000,141.2900000,136.8700000,141.2500000
GAZP,D,20160627,000000,141.0300000,141.7400000,138.5200000,138.5200000
GAZP,D,20160628,000000,139.2000000,140.1200000,138.5500000,139.2400000
GAZP,D,20160629,000000,139.6100000,140.8300000,139.2000000,140.0000000
GAZP,D,20160630,000000,140.0700000,141.8900000,139.4300000,139.5100000
GAZP,D,20160701,000000,139.8500000,140.7900000,138.9200000,140.0500000
GAZP,D,20160704,000000,140.6000000,142.3500000,140.0900000,141.6000000
GAZP,D,20160705,000000,141.7100000,141.8000000,139.9000000,140.9500000
GAZP,D,20160706,000000,140.8000000,141.1500000,139.2000000,139.9900000
GAZP,D,20160707,000000,140.3300000,141.8500000,139.7500000,140.3700000
GAZP,D,20160708,000000,139.6000000,140.9000000,138.8400000,140.2700000
GAZP,D,20160711,000000,140.7000000,141.5000000,140.3300000,141.4000000
GAZP,D,20160712,000000,141.6000000,142.9000000,141.3800000,142.1200000
GAZP,D,20160713,000000,142.0200000,144.1400000,141.8000000,143.6000000
GAZP,D,20160714,000000,143.5300000,144.2400000,142.5200000,144.2000000
GAZP,D,20160715,000000,143.9500000,147.3700000,143.7000000,147.3700000
GAZP,D,20160718,000000,147.4000000,148.2500000,145.1200000,145.8400000
GAZP,D,20160719,000000,139.1700000,140.0000000,138.1800000,139.4800000
GAZP,D,20160720,000000,139.4800000,139.9500000,137.8200000,139.2600000
GAZP,D,20160721,000000,140.0300000,140.9500000,139.1100000,140.1000000
GAZP,D,20160722,000000,139.8800000,141.3000000,139.7000000,140.6000000
GAZP,D,20160725,000000,140.6000000,141.9800000,139.9000000,140.7000000
GAZP,D,20160726,000000,140.9000000,141.1100000,139.5300000,140.6900000
GAZP,D,20160727,000000,140.4100000,140.8500000,138.3500000,139.5000000
GAZP,D,20160728,000000,139.1500000,140.4600000,138.6100000,139.9000000
GAZP,D,20160729,000000,139.5200000,139.6400000,136.5400000,137.3000000
GAZP,D,20160801,000000,137.7100000,138.6900000,136.6500000,136.9300000
GAZP,D,20160802,000000,137.0000000,137.1000000,134.2000000,134.5000000
GAZP,D,20160803,000000,134.4400000,134.9000000,133.2000000,134.0400000
GAZP,D,20160804,000000,134.8900000,136.7000000,134.8900000,136.7000000
GAZP,D,20160805,000000,136.5500000,137.3300000,134.6500000,135.5000000
GAZP,D,20160808,000000,136.0100000,137.5000000,135.7200000,137.4700000
GAZP,D,20160809,000000,137.1200000,138.3900000,136.9300000,137.3400000
GAZP,D,20160810,000000,137.3600000,138.6500000,137.0000000,137.4000000
GAZP,D,20160811,000000,137.1000000,137.4900000,136.0500000,137.1900000
GAZP,D,20160812,000000,137.4000000,138.4000000,137.0300000,137.8300000
GAZP,D,20160815,000000,138.0300000,138.7000000,137.3700000,138.0000000
GAZP,D,20160816,000000,138.0000000,139.3700000,137.1800000,137.9900000
GAZP,D,20160817,000000,137.8000000,137.8000000,136.2600000,137.6800000
GAZP,D,20160818,000000,137.5000000,138.4900000,137.3300000,138.4000000
GAZP,D,20160819,000000,138.5000000,138.7800000,136.8000000,136.8000000
GAZP,D,20160822,000000,136.7700000,137.8100000,136.0400000,137.8000000
GAZP,D,20160823,000000,137.3200000,137.9000000,136.7600000,137.3700000
GAZP,D,20160824,000000,137.2600000,137.4300000,136.2600000,137.0000000
GAZP,D,20160825,000000,136.5100000,136.7400000,134.5000000,135.4200000
GAZP,D,20160826,000000,135.3000000,136.4000000,134.3200000,136.2000000
GAZP,D,20160829,000000,135.4300000,136.2000000,134.5000000,136.2000000
GAZP,D,20160830,000000,136.2000000,136.8400000,135.5000000,135.5900000
GAZP,D,20160831,000000,135.5500000,135.8100000,134.0000000,134.9500000
GAZP,D,20160901,000000,135.0100000,135.8700000,134.2700000,134.9900000
GAZP,D,20160902,000000,135.2900000,136.3500000,134.8000000,135.5500000
GAZP,D,20160905,000000,136.0100000,137.1900000,135.7600000,136.0500000
GAZP,D,20160906,000000,136.8600000,141.4000000,136.6100000,141.4000000
GAZP,D,20160907,000000,141.8000000,143.4500000,141.4200000,143.0800000
GAZP,D,20160908,000000,143.6100000,143.8300000,140.7700000,141.4500000
GAZP,D,20160909,000000,140.8800000,140.8900000,138.5400000,138.5400000
GAZP,D,20160912,000000,137.5000000,139.5900000,136.5300000,138.9300000
GAZP,D,20160913,000000,138.7600000,139.7200000,138.0000000,138.4500000
GAZP,D,20160914,000000,138.3600000,139.5700000,137.6400000,139.3500000
GAZP,D,20160915,000000,139.2500000,139.2500000,136.5500000,137.6000000
GAZP,D,20160916,000000,137.7000000,138.0000000,134.7300000,136.4700000
GAZP,D,20160919,000000,136.8700000,138.1500000,136.1200000,136.5900000
GAZP,D,20160920,000000,136.2000000,137.0200000,135.1800000,137.0000000
GAZP,D,20160921,000000,137.2100000,137.4800000,135.5000000,136.2500000
GAZP,D,20160922,000000,136.8600000,137.0500000,135.2300000,136.7000000
GAZP,D,20160923,000000,136.2700000,137.8400000,135.2600000,136.7000000
GAZP,D,20160926,000000,136.3800000,136.3900000,134.8000000,135.2600000
GAZP,D,20160927,000000,135.5700000,135.5800000,133.8800000,133.9200000
GAZP,D,20160928,000000,134.3600000,134.9000000,133.5700000,134.0900000
GAZP,D,20160929,000000,135.4000000,136.8000000,135.0000000,135.3100000
GAZP,D,20160930,000000,135.0000000,135.9500000,134.2600000,134.9000000
GAZP,D,20161003,000000,135.1200000,136.6900000,134.8000000,135.3700000
GAZP,D,20161004,000000,135.5100000,136.7500000,135.0500000,136.2300000
GAZP,D,20161005,000000,136.3200000,136.3200000,134.2500000,134.8000000
GAZP,D,20161006,000000,134.8000000,136.2400000,134.1000000,135.9000000
GAZP,D,20161007,000000,135.8100000,136.7500000,135.2000000,136.1000000
GAZP,D,20161010,000000,136.1700000,139.5000000,135.7500000,139.1000000
GAZP,D,20161011,000000,139.1500000,139.8000000,138.1800000,138.9800000
GAZP,D,20161012,000000,138.8300000,140.2300000,137.5500000,138.0700000
GAZP,D,20161013,000000,137.7000000,137.8800000,136.5700000,137.4700000
GAZP,D,20161014,000000,137.5700000,137.8600000,135.8300000,136.2000000
GAZP,D,20161017,000000,136.0800000,136.4300000,135.3000000,135.5700000
GAZP,D,20161018,000000,136.0100000,136.4600000,135.4100000,135.8100000
GAZP,D,20161019,000000,136.1000000,136.1600000,134.7000000,135.4900000
GAZP,D,20161020,000000,135.6900000,135.7400000,134.7000000,134.7200000
GAZP,D,20161021,000000,135.1000000,135.3500000,133.9500000,134.9600000
GAZP,D,20161024,000000,135.2000000,136.1400000,134.7500000,135.0500000
GAZP,D,20161025,000000,135.2900000,135.9700000,134.8800000,135.3000000
GAZP,D,20161026,000000,135.1100000,135.7000000,134.5500000,135.3200000
GAZP,D,20161027,000000,135.3800000,135.6400000,134.6200000,135.0400000
GAZP,D,20161028,000000,134.9900000,135.0400000,134.4000000,135.0000000
GAZP,D,20161031,000000,136.3000000,139.4400000,136.1600000,138.8400000
GAZP,D,20161101,000000,139.1500000,142.4400000,139.0100000,141.9800000
GAZP,D,20161102,000000,141.4900000,143.6400000,140.0300000,140.8100000
GAZP,D,20161103,000000,140.7200000,141.3000000,139.3000000,139.9000000
GAZP,D,20161107,000000,140.5300000,140.9600000,138.5000000,138.5000000
GAZP,D,20161108,000000,138.8100000,140.9800000,138.8100000,139.3200000
GAZP,D,20161109,000000,138.0000000,145.6200000,137.5500000,145.6200000
GAZP,D,20161110,000000,146.4500000,151.3000000,145.7500000,147.4000000
GAZP,D,20161111,000000,147.5000000,149.5000000,145.7900000,147.8800000
GAZP,D,20161114,000000,148.5700000,149.6700000,145.9600000,146.2600000
GAZP,D,20161115,000000,146.5400000,148.0000000,145.6000000,145.9000000
GAZP,D,20161116,000000,147.0300000,148.8000000,145.1400000,145.5000000
GAZP,D,20161117,000000,145.8200000,147.7800000,145.3200000,147.7000000
GAZP,D,20161118,000000,147.5100000,148.2900000,146.7400000,146.9600000
GAZP,D,20161121,000000,147.6000000,149.8500000,147.6000000,149.6000000
GAZP,D,20161122,000000,150.2100000,150.8300000,149.0600000,150.0000000
GAZP,D,20161123,000000,150.2400000,150.3800000,148.5600000,149.4900000
GAZP,D,20161124,000000,149.5300000,152.2500000,149.3500000,151.1100000
GAZP,D,20161125,000000,150.9400000,151.6000000,149.5000000,151.3100000
GAZP,D,20161128,000000,151.1400000,151.4800000,148.3900000,148.9400000
GAZP,D,20161129,000000,148.8400000,149.4900000,147.3400000,147.7500000
GAZP,D,20161130,000000,147.9900000,151.1200000,147.6000000,148.8000000
GAZP,D,20161201,000000,149.5900000,153.7000000,149.5500000,152.8100000
GAZP,D,20161202,000000,152.8000000,153.6400000,151.8000000,152.3500000
GAZP,D,20161205,000000,152.1800000,153.9900000,152.0900000,153.7800000
GAZP,D,20161206,000000,153.9200000,154.5500000,151.2700000,151.5000000
GAZP,D,20161207,000000,151.5600000,152.6100000,150.9200000,151.9500000
GAZP,D,20161208,000000,152.4800000,153.7000000,151.8900000,153.0500000
GAZP,D,20161209,000000,153.5000000,153.8300000,152.1800000,152.9900000
GAZP,D,20161212,000000,154.1800000,159.8200000,154.0300000,158.6300000
GAZP,D,20161213,000000,158.3500000,159.2000000,157.7200000,158.9500000
GAZP,D,20161214,000000,159.0100000,160.6200000,155.3000000,157.2000000
GAZP,D,20161215,000000,155.7700000,158.3000000,155.7700000,158.2500000
GAZP,D,20161216,000000,158.4800000,158.8800000,156.2000000,156.2000000
GAZP,D,20161219,000000,157.1400000,157.7500000,154.6000000,154.6000000
GAZP,D,20161220,000000,154.5500000,155.9500000,153.7600000,155.3000000
GAZP,D,20161221,000000,155.4300000,156.7300000,153.0100000,153.0600000
GAZP,D,20161222,000000,153.2100000,153.3400000,149.7200000,150.2700000
GAZP,D,20161223,000000,150.2800000,151.1900000,147.2200000,149.0500000
GAZP,D,20161226,000000,149.0000000,149.8600000,148.8000000,148.9500000
GAZP,D,20161227,000000,149.0500000,151.0300000,149.0500000,150.3800000
GAZP,D,20161228,000000,150.6000000,152.6000000,149.6000000,151.0000000
GAZP,D,20161229,000000,150.7200000,153.2900000,149.9000000,152.6200000
GAZP,D,20161230,000000,152.6400000,154.5500000,152.6000000,154.5500000
GAZP,D,20170103,000000,154.4600000,158.2000000,154.1200000,157.7000000
GAZP,D,20170104,000000,156.9900000,157.4400000,155.7600000,157.4400000
GAZP,D,20170105,000000,157.2400000,158.7000000,153.1700000,154.0000000
GAZP,D,20170106,000000,154.1200000,154.4700000,152.0500000,154.1000000
GAZP,D,20170109,000000,154.2000000,155.5000000,153.3000000,154.4000000
GAZP,D,20170110,000000,154.0100000,158.0200000,154.0000000,157.9700000
GAZP,D,20170111,000000,157.5100000,158.5000000,155.8100000,157.0100000
GAZP,D,20170112,000000,158.3000000,158.4800000,155.5300000,157.2500000
GAZP,D,20170113,000000,157.4800000,158.3000000,155.7700000,157.9500000
GAZP,D,20170116,000000,157.9800000,158.2000000,155.5800000,155.8100000
GAZP,D,20170117,000000,155.8100000,156.5000000,153.0100000,153.6500000
GAZP,D,20170118,000000,154.2000000,154.5900000,152.6500000,152.8600000
GAZP,D,20170119,000000,153.3000000,153.5600000,148.2300000,150.8500000
GAZP,D,20170120,000000,150.8100000,151.2000000,147.7000000,149.7000000
GAZP,D,20170123,000000,149.8500000,149.8500000,147.1000000,148.1000000
GAZP,D,20170124,000000,148.2500000,150.5000000,148.2500000,150.1500000
GAZP,D,20170125,000000,150.2800000,150.8700000,147.1500000,147.6500000
GAZP,D,20170126,000000,147.7100000,151.2800000,147.1600000,150.4900000
GAZP,D,20170127,000000,150.3300000,154.5300000,149.9100000,154.0900000
GAZP,D,20170130,000000,153.6800000,153.9000000,150.3500000,150.8000000
GAZP,D,20170131,000000,150.5900000,151.4200000,149.1500000,149.8000000
GAZP,D,20170201,000000,150.0500000,150.3800000,148.3200000,149.6500000
GAZP,D,20170202,000000,149.8200000,150.4500000,148.1500000,148.8000000
GAZP,D,20170203,000000,148.8500000,150.2000000,148.3700000,149.3500000
GAZP,D,20170206,000000,149.3800000,149.7000000,147.6300000,148.5000000
GAZP,D,20170207,000000,148.3000000,148.7000000,147.6000000,148.7000000
GAZP,D,20170208,000000,148.2200000,148.2200000,143.9000000,145.2000000
GAZP,D,20170209,000000,145.3400000,145.6000000,141.5700000,142.1100000
GAZP,D,20170210,000000,142.6700000,143.1400000,140.5000000,140.5000000
GAZP,D,20170213,000000,141.1100000,142.6700000,140.0200000,141.2000000
GAZP,D,20170214,000000,141.2700000,141.4900000,139.8500000,140.6200000
GAZP,D,20170215,000000,140.4500000,141.5000000,138.9200000,139.7200000
GAZP,D,20170216,000000,139.9300000,140.3000000,138.0100000,139.1600000
GAZP,D,20170217,000000,139.2600000,139.4200000,137.2300000,138.1200000
GAZP,D,20170220,000000,138.5900000,140.1300000,137.4000000,138.5000000
GAZP,D,20170221,000000,138.6000000,139.6000000,138.0000000,138.3500000
GAZP,D,20170222,000000,138.6300000,138.7800000,136.0500000,136.6800000
GAZP,D,20170224,000000,136.5100000,137.2000000,135.6000000,136.7500000
GAZP,D,20170227,000000,137.1500000,137.4800000,135.0700000,135.0700000
GAZP,D,20170228,000000,135.7000000,135.8900000,132.0000000,134.0000000
GAZP,D,20170301,000000,133.4500000,134.9900000,133.0000000,133.8500000
GAZP,D,20170302,000000,134.0500000,135.1000000,131.3000000,131.3000000
GAZP,D,20170303,000000,131.1500000,134.9000000,130.6400000,134.8000000
GAZP,D,20170306,000000,134.8400000,135.9700000,134.3200000,134.6000000
GAZP,D,20170307,000000,135.1300000,135.1300000,131.9000000,132.8900000
GAZP,D,20170309,000000,132.0500000,133.2600000,128.8100000,129.0000000
GAZP,D,20170310,000000,129.2500000,130.8800000,127.8000000,128.7800000
GAZP,D,20170313,000000,128.7000000,130.5500000,127.8200000,129.9300000
GAZP,D,20170314,000000,130.0200000,131.3400000,128.3200000,128.8000000
GAZP,D,20170315,000000,129.2300000,129.6900000,127.2000000,127.6000000
GAZP,D,20170316,000000,128.4200000,129.3000000,127.6100000,128.0500000
GAZP,D,20170317,000000,128.1300000,130.4200000,128.0100000,128.9400000
GAZP,D,20170320,000000,129.3400000,130.1300000,128.0200000,128.7900000
GAZP,D,20170321,000000,129.0200000,130.4200000,128.5100000,129.3000000
GAZP,D,20170322,000000,129.0700000,131.6500000,128.9000000,131.6500000
GAZP,D,20170323,000000,131.7900000,132.9400000,130.2200000,130.9900000
GAZP,D,20170324,000000,130.7700000,131.4800000,129.7200000,130.0500000
GAZP,D,20170327,000000,129.4500000,129.4700000,127.4100000,128.8000000
GAZP,D,20170328,000000,129.0000000,129.6000000,128.1000000,129.2000000
GAZP,D,20170329,000000,129.1300000,129.7800000,128.5500000,128.8100000
GAZP,D,20170330,000000,129.1500000,129.9900000,128.2000000,128.4900000
GAZP,D,20170331,000000,128.4900000,128.6400000,126.8000000,127.9000000
GAZP,D,20170403,000000,128.0900000,128.5000000,127.0200000,127.2100000
GAZP,D,20170404,000000,127.5500000,128.9000000,126.8000000,128.8100000
GAZP,D,20170405,000000,128.8800000,131.2500000,128.8200000,130.6900000
GAZP,D,20170406,000000,130.1800000,130.9300000,129.5500000,130.5000000
GAZP,D,20170407,000000,129.7000000,129.8900000,127.8400000,128.7200000
GAZP,D,20170410,000000,128.1000000,128.4000000,125.8100000,126.1600000
GAZP,D,20170411,000000,125.9700000,127.6900000,125.5000000,126.0000000
GAZP,D,20170412,000000,127.0600000,127.4500000,124.6200000,125.0500000
GAZP,D,20170413,000000,125.6500000,125.9500000,123.5000000,124.5400000
GAZP,D,20170414,000000,124.2700000,124.3700000,122.6300000,122.8500000
GAZP,D,20170417,000000,123.0100000,124.0300000,122.2500000,123.7000000
GAZP,D,20170418,000000,124.0900000,124.3900000,122.0300000,122.2200000
GAZP,D,20170419,000000,122.3600000,123.1500000,121.2500000,121.5500000
GAZP,D,20170420,000000,121.3000000,121.9900000,120.5500000,121.9900000
GAZP,D,20170421,000000,122.1500000,123.6400000,122.1300000,123.0000000
GAZP,D,20170424,000000,123.5600000,128.4000000,123.3800000,128.0000000
GAZP,D,20170425,000000,128.5000000,131.7500000,127.9800000,130.2000000
GAZP,D,20170426,000000,130.1900000,134.0000000,130.0100000,133.4300000
GAZP,D,20170427,000000,133.3700000,136.6000000,132.2200000,133.4100000
GAZP,D,20170428,000000,136.0000000,137.7700000,135.0500000,136.7500000
GAZP,D,20170502,000000,137.2500000,138.4300000,136.2800000,136.5200000
GAZP,D,20170503,000000,136.4500000,138.0900000,135.1000000,135.8100000
GAZP,D,20170504,000000,135.8900000,136.4100000,134.3000000,134.9300000
GAZP,D,20170505,000000,133.7000000,134.9400000,132.9100000,134.4100000
GAZP,D,20170510,000000,134.9800000,135.4300000,133.5100000,134.1900000
GAZP,D,20170511,000000,134.5700000,134.7500000,130.3700000,131.1000000
GAZP,D,20170512,000000,131.4100000,132.5000000,130.2000000,132.5000000
GAZP,D,20170515,000000,132.7900000,133.9200000,129.2800000,131.5000000
GAZP,D,20170516,000000,131.4100000,133.0700000,130.2700000,131.1300000
GAZP,D,20170517,000000,130.9700000,132.1800000,130.6000000,132.0700000
GAZP,D,20170518,000000,131.3700000,132.8400000,125.8500000,126.9000000
GAZP,D,20170519,000000,127.3000000,127.4000000,124.0000000,124.1900000
GAZP,D,20170522,000000,124.4900000,124.4900000,122.1700000,122.5200000
GAZP,D,20170523,000000,122.5800000,123.7100000,121.9600000,123.2300000
GAZP,D,20170524,000000,123.3000000,123.6700000,120.9200000,122.0000000
GAZP,D,20170525,000000,122.3200000,122.4700000,120.7500000,121.6100000
GAZP,D,20170526,000000,121.4000000,122.2000000,120.5400000,122.2000000
GAZP,D,20170529,000000,122.4100000,123.8300000,122.1100000,123.1100000
GAZP,D,20170530,000000,122.7200000,122.9100000,121.7900000,122.1000000
GAZP,D,20170531,000000,122.2500000,122.7800000,119.4000000,120.2800000
GAZP,D,20170601,000000,120.2900000,120.9800000,117.2400000,118.0000000
GAZP,D,20170602,000000,117.8000000,119.6900000,116.5500000,119.6900000
GAZP,D,20170605,000000,119.5900000,120.9900000,118.5500000,119.0000000
GAZP,D,20170606,000000,119.0900000,120.2400000,118.6600000,119.0500000
GAZP,D,20170607,000000,119.3300000,121.4400000,118.8500000,118.9200000
GAZP,D,20170608,000000,119.1900000,120.1100000,117.8200000,119.3000000
GAZP,D,20170609,000000,119.3200000,120.5000000,118.9500000,120.5000000
GAZP,D,20170613,000000,120.2900000,120.3800000,118.1500000,118.1500000
GAZP,D,20170614,000000,118.2600000,118.5400000,115.1000000,115.3500000
GAZP,D,20170615,000000,115.2500000,115.7500000,111.4600000,115.4900000
GAZP,D,20170616,000000,115.8100000,117.2500000,114.6000000,116.0200000
GAZP,D,20170619,000000,116.0000000,117.4500000,115.7900000,117.3300000
GAZP,D,20170620,000000,117.5100000,119.0000000,116.5600000,117.4400000
GAZP,D,20170621,000000,117.5000000,118.3200000,116.8400000,117.9700000
GAZP,D,20170622,000000,117.7800000,119.7800000,116.8600000,119.5500000
GAZP,D,20170623,000000,119.5200000,120.0900000,118.6600000,119.1000000
GAZP,D,20170626,000000,119.5000000,119.9700000,118.2600000,118.6700000
GAZP,D,20170627,000000,118.4000000,119.7500000,118.0200000,119.3500000
GAZP,D,20170628,000000,118.7200000,119.7000000,118.1900000,119.7000000
GAZP,D,20170629,000000,120.1800000,120.8800000,118.8000000,119.1600000
GAZP,D,20170630,000000,118.9500000,120.2200000,118.1800000,118.4900000
GAZP,D,20170703,000000,119.1700000,119.9300000,118.7500000,119.8600000
GAZP,D,20170704,000000,120.0000000,123.2900000,119.7200000,122.7300000
GAZP,D,20170705,000000,122.9500000,123.7500000,122.3200000,122.7000000
GAZP,D,20170706,000000,122.8200000,123.6500000,121.4400000,122.6800000
GAZP,D,20170707,000000,122.1900000,123.0000000,121.4000000,123.0000000
GAZP,D,20170710,000000,123.2600000,124.6200000,123.0300000,124.2500000
GAZP,D,20170711,000000,124.3800000,124.9400000,123.8500000,124.7800000
GAZP,D,20170712,000000,125.0100000,125.3000000,124.1900000,124.8700000
GAZP,D,20170713,000000,124.7900000,125.8900000,124.6600000,125.5500000
GAZP,D,20170714,000000,125.6700000,126.3500000,125.0000000,125.0000000
GAZP,D,20170717,000000,125.3900000,125.7000000,124.3000000,125.1400000
GAZP,D,20170718,000000,125.0900000,125.7500000,124.4900000,124.4900000
GAZP,D,20170719,000000,118.4400000,120.1100000,118.1100000,120.1100000
GAZP,D,20170720,000000,120.2900000,121.2700000,119.8100000,120.6000000
GAZP,D,20170721,000000,120.2100000,120.2600000,118.6500000,118.9500000
GAZP,D,20170724,000000,118.5400000,119.4000000,117.9200000,119.1700000
GAZP,D,20170725,000000,119.1600000,119.7000000,117.6700000,118.4000000
GAZP,D,20170726,000000,118.3500000,119.1200000,118.2500000,119.0000000
GAZP,D,20170727,000000,119.1200000,119.3500000,117.8300000,118.6800000
GAZP,D,20170728,000000,118.1600000,118.1800000,115.4100000,116.9000000
GAZP,D,20170731,000000,116.7100000,118.1800000,115.0800000,116.1000000
GAZP,D,20170801,000000,116.8300000,118.6500000,116.8200000,117.9900000
GAZP,D,20170802,000000,118.0000000,119.0900000,117.9000000,119.0900000
GAZP,D,20170803,000000,119.1300000,119.9900000,118.8500000,119.5800000
GAZP,D,20170804,000000,119.3400000,119.8800000,118.6800000,119.4500000
GAZP,D,20170807,000000,119.3200000,120.3800000,118.9000000,119.5000000
GAZP,D,20170808,000000,119.4700000,119.8900000,119.2500000,119.6700000
GAZP,D,20170809,000000,119.3900000,119.4600000,118.0200000,118.6800000
GAZP,D,20170810,000000,118.7100000,119.4000000,118.0300000,118.0500000
GAZP,D,20170811,000000,117.5600000,117.8500000,116.3400000,116.9300000
GAZP,D,20170814,000000,117.1800000,117.9900000,117.1500000,117.4000000
GAZP,D,20170815,000000,117.1200000,117.7000000,116.5100000,117.5900000
GAZP,D,20170816,000000,117.8000000,117.8700000,116.6300000,116.7500000
GAZP,D,20170817,000000,116.7200000,116.9500000,115.9200000,116.2200000
GAZP,D,20170818,000000,115.8500000,116.0900000,115.1500000,116.0000000
GAZP,D,20170821,000000,116.1000000,116.4700000,115.3900000,115.9200000
GAZP,D,20170822,000000,115.9900000,116.7300000,115.6800000,116.0000000
GAZP,D,20170823,000000,116.0900000,116.2700000,115.0700000,115.7500000
GAZP,D,20170824,000000,115.7700000,116.8900000,115.4200000,116.5600000
GAZP,D,20170825,000000,116.8200000,118.0000000,116.5600000,117.8500000
GAZP,D,20170828,000000,117.7900000,118.7500000,117.5400000,118.7500000
GAZP,D,20170829,000000,118.5000000,118.6300000,116.5000000,118.3000000
GAZP,D,20170830,000000,118.4000000,118.9000000,116.8800000,118.2000000
GAZP,D,20170831,000000,117.9500000,119.2100000,117.3500000,117.9700000
GAZP,D,20170901,000000,118.0200000,118.2600000,117.0400000,117.4000000
GAZP,D,20170904,000000,117.0300000,117.6500000,116.5600000,117.0000000
GAZP,D,20170905,000000,117.5500000,117.8900000,115.9000000,116.0000000
GAZP,D,20170906,000000,116.0000000,117.5800000,115.6600000,117.1400000
GAZP,D,20170907,000000,117.6100000,119.0300000,117.3800000,117.9500000
GAZP,D,20170908,000000,118.2000000,120.4500000,118.1600000,120.3400000
GAZP,D,20170911,000000,120.8100000,121.9400000,119.6300000,121.0000000
GAZP,D,20170912,000000,121.2200000,122.0000000,120.1600000,121.9900000
GAZP,D,20170913,000000,121.9900000,124.3800000,121.9900000,123.5500000
GAZP,D,20170914,000000,123.5700000,124.1900000,122.7900000,123.3300000
GAZP,D,20170915,000000,122.8900000,123.0000000,121.5900000,122.5000000
GAZP,D,20170918,000000,122.5000000,123.3500000,122.0700000,122.7200000
GAZP,D,20170919,000000,122.7200000,122.8000000,121.0500000,121.7500000
GAZP,D,20170920,000000,121.8800000,122.4300000,121.5200000,122.2500000
GAZP,D,20170921,000000,122.1100000,123.2000000,121.6100000,122.3400000
GAZP,D,20170922,000000,122.3600000,122.4600000,121.3000000,121.9500000
GAZP,D,20170925,000000,121.9800000,123.6000000,121.9000000,123.0300000
GAZP,D,20170926,000000,123.2700000,124.1900000,122.8400000,123.0300000
GAZP,D,20170927,000000,123.1800000,123.6800000,122.4600000,123.3600000
GAZP,D,20170928,000000,123.2800000,123.6200000,122.1100000,122.5000000
GAZP,D,20170929,000000,122.5000000,122.8100000,121.7000000,122.2000000
GAZP,D,20171002,000000,122.2900000,122.4400000,121.4000000,121.9000000
GAZP,D,20171003,000000,121.8100000,122.1100000,120.4700000,120.7800000
GAZP,D,20171004,000000,120.6800000,121.9500000,119.7000000,121.7600000
GAZP,D,20171005,000000,121.7900000,123.9700000,121.5100000,123.5000000
GAZP,D,20171006,000000,123.5400000,124.4800000,123.2700000,123.4700000
GAZP,D,20171009,000000,123.7000000,124.9000000,123.4100000,124.8100000
GAZP,D,20171010,000000,125.0000000,125.3300000,124.1700000,124.4400000
GAZP,D,20171011,000000,124.5400000,126.0000000,124.3800000,126.0000000
GAZP,D,20171012,000000,126.0400000,126.7900000,125.4500000,125.9300000
GAZP,D,20171013,000000,126.0000000,127.3900000,125.8000000,126.8600000
GAZP,D,20171016,000000,127.1100000,127.8000000,126.6800000,127.1700000
GAZP,D,20171017,000000,127.0500000,127.2000000,125.0500000,125.1500000
GAZP,D,20171018,000000,125.4400000,127.0900000,125.2600000,126.7000000
GAZP,D,20171019,000000,126.7800000,127.3900000,125.1700000,125.5000000
GAZP,D,20171020,000000,125.8100000,127.0500000,125.6000000,126.7000000
GAZP,D,20171023,000000,127.0600000,127.4700000,126.3700000,126.8000000
GAZP,D,20171024,000000,126.8900000,126.9700000,125.6100000,126.0200000
GAZP,D,20171025,000000,126.5500000,126.7500000,124.2800000,125.0000000
GAZP,D,20171026,000000,124.9900000,125.3900000,124.0700000,124.2000000
GAZP,D,20171027,000000,124.5700000,125.9400000,123.6400000,125.9400000
GAZP,D,20171030,000000,125.9600000,126.9300000,125.5300000,125.9800000
GAZP,D,20171031,000000,126.1200000,126.6000000,125.5700000,125.9000000
GAZP,D,20171101,000000,126.3400000,126.8900000,125.9700000,126.5000000
GAZP,D,20171102,000000,125.8800000,126.0000000,124.8700000,125.6700000
GAZP,D,20171103,000000,125.7100000,126.8400000,125.7100000,125.9000000
GAZP,D,20171107,000000,127.0600000,132.5500000,127.0500000,132.2800000
GAZP,D,20171108,000000,132.1000000,133.9400000,131.5800000,132.3000000
GAZP,D,20171109,000000,132.3100000,132.8200000,131.1400000,131.5000000
GAZP,D,20171110,000000,131.0500000,133.8400000,130.5100000,132.5000000
GAZP,D,20171113,000000,132.6400000,134.1800000,131.7100000,133.3200000
GAZP,D,20171114,000000,133.0700000,134.2800000,132.3500000,132.9300000
GAZP,D,20171115,000000,132.0100000,132.7900000,131.2100000,131.2100000
GAZP,D,20171116,000000,131.7900000,132.7000000,127.7400000,129.2000000
GAZP,D,20171117,000000,129.6500000,130.8700000,129.0600000,129.6500000
GAZP,D,20171120,000000,129.8000000,130.4900000,128.6300000,129.9600000
GAZP,D,20171121,000000,130.4500000,133.0500000,130.3500000,132.4900000
GAZP,D,20171122,000000,133.0100000,133.6500000,132.2000000,132.5700000
GAZP,D,20171123,000000,132.5000000,133.1000000,131.3000000,131.6000000
GAZP,D,20171124,000000,131.5600000,134.1900000,131.3100000,133.5700000
GAZP,D,20171127,000000,133.6100000,135.1900000,132.8000000,133.5000000
GAZP,D,20171128,000000,133.2900000,135.1800000,132.5500000,135.1800000
GAZP,D,20171129,000000,134.8600000,134.8600000,132.9700000,133.5500000
GAZP,D,20171130,000000,133.0000000,134.3100000,132.0000000,132.1500000
GAZP,D,20171201,000000,132.4700000,133.3200000,131.7200000,133.0200000
GAZP,D,20171204,000000,133.0100000,134.0000000,131.9300000,133.7700000
GAZP,D,20171205,000000,133.4700000,133.9900000,132.7800000,133.6500000
GAZP,D,20171206,000000,133.3200000,134.2900000,132.9100000,134.0000000
GAZP,D,20171207,000000,133.6600000,133.8700000,132.8100000,133.0200000
GAZP,D,20171208,000000,133.4200000,133.9000000,132.0000000,132.6000000
GAZP,D,20171211,000000,132.3500000,134.6500000,132.3500000,134.6500000
GAZP,D,20171212,000000,134.6900000,135.6000000,133.6500000,135.5000000
GAZP,D,20171213,000000,135.1800000,136.4200000,134.6000000,135.5600000
GAZP,D,20171214,000000,135.4200000,136.2000000,134.9000000,135.9100000
GAZP,D,20171215,000000,135.7200000,136.1600000,135.0000000,135.5000000
GAZP,D,20171218,000000,135.6400000,136.3500000,132.9400000,134.2500000
GAZP,D,20171219,000000,134.1300000,134.7400000,133.5000000,133.9600000
GAZP,D,20171220,000000,133.9600000,134.3300000,132.3500000,132.5000000
GAZP,D,20171221,000000,133.0000000,133.4700000,130.2000000,131.7000000
GAZP,D,20171222,000000,132.1500000,133.4800000,131.0500000,132.4200000
GAZP,D,20171225,000000,132.7200000,133.1900000,131.8000000,131.9600000
GAZP,D,20171226,000000,132.2300000,132.4400000,129.6200000,131.2000000
GAZP,D,20171227,000000,131.2900000,132.2300000,130.4500000,130.9900000
GAZP,D,20171228,000000,130.8800000,131.2000000,129.8100000,130.5300000
GAZP,D,20171229,000000,130.4200000,130.9300000,128.8600000,130.5000000
GAZP,D,20180103,000000,131.0300000,132.2000000,130.6300000,132.2000000
GAZP,D,20180104,000000,132.5000000,136.2000000,132.3000000,135.8900000
GAZP,D,20180105,000000,135.8000000,137.1200000,135.0800000,137.1200000
GAZP,D,20180109,000000,138.0000000,141.3500000,137.6000000,140.0000000
GAZP,D,20180110,000000,140.4900000,143.4300000,139.5800000,143.4300000
GAZP,D,20180111,000000,143.2300000,144.8000000,142.3100000,144.5800000
GAZP,D,20180112,000000,144.2100000,144.5400000,141.6400000,143.9900000
GAZP,D,20180115,000000,144.3300000,145.5000000,142.6000000,142.9900000
GAZP,D,20180116,000000,143.1600000,145.3500000,141.8900000,145.2900000
GAZP,D,20180117,000000,144.5100000,149.2000000,143.3100000,148.7000000
GAZP,D,20180118,000000,148.7900000,150.3500000,148.1300000,150.3500000
GAZP,D,20180119,000000,149.9400000,151.0000000,148.4000000,149.1300000
GAZP,D,20180122,000000,149.0900000,150.3000000,148.8500000,150.3000000
GAZP,D,20180123,000000,150.8000000,151.6500000,147.7100000,148.8000000
GAZP,D,20180124,000000,148.5100000,149.7000000,146.6000000,149.7000000
GAZP,D,20180125,000000,150.0200000,151.3900000,149.2700000,149.8000000
GAZP,D,20180126,000000,149.4000000,149.5500000,146.0100000,147.1900000
GAZP,D,20180129,000000,146.7700000,147.2900000,144.1500000,144.7500000
GAZP,D,20180130,000000,144.0000000,146.4300000,142.3700000,143.5000000
GAZP,D,20180131,000000,142.9800000,144.5000000,141.8000000,143.3600000
GAZP,D,20180201,000000,143.4300000,146.1700000,143.1300000,145.3900000
GAZP,D,20180202,000000,145.6800000,146.7800000,142.8800000,144.0000000
GAZP,D,20180205,000000,142.8700000,145.2000000,142.3000000,144.5300000
GAZP,D,20180206,000000,141.7300000,142.8200000,140.4000000,141.5900000
GAZP,D,20180207,000000,142.4500000,143.3900000,141.0000000,141.0000000
GAZP,D,20180208,000000,140.4700000,140.8500000,137.1400000,137.2000000
GAZP,D,20180209,000000,135.9900000,136.7000000,132.8000000,135.5600000
GAZP,D,20180212,000000,136.8700000,138.1000000,136.0300000,137.3000000
GAZP,D,20180213,000000,138.0000000,140.1000000,137.4500000,139.8500000
GAZP,D,20180214,000000,140.0300000,140.5700000,137.0200000,138.8900000
GAZP,D,20180215,000000,139.7900000,140.9900000,137.0600000,137.0600000
GAZP,D,20180216,000000,137.8500000,139.4900000,136.7700000,137.0600000
GAZP,D,20180219,000000,137.3600000,138.7000000,137.1300000,138.3100000
GAZP,D,20180220,000000,138.7800000,144.2900000,138.7800000,141.3200000
GAZP,D,20180221,000000,140.9000000,144.0000000,140.5300000,144.0000000
GAZP,D,20180222,000000,143.4300000,145.9700000,142.6300000,145.9700000
